"id","category","rule_name","symptom_keywords","trigger_condition","risk_level","is_immediate_vet","recommended_action","evidence_id","priority"
"1","공통 응급처치","응급 상황 기본 안내","[""응급"", ""위험해"", ""병원"", ""어떡해"", ""대처""]","사용자가 응급 여부 또는 대처 방법을 일반적으로 문의한 경우","주의","0","응급처치는 진료를 대체하지 않으므로 증상이 심하거나 불확실하면 수의사 또는 응급 동물병원에 연락하세요.","1","30"
"2","부상/안전","부상 반려견 이동 전 보호자 안전","[""부상"", ""다쳤"", ""물릴"", ""입마개"", ""옮겨"", ""이동""]","부상한 반려견을 만지거나 이동해야 하는 상황이 언급된 경우","주의","0","반려견 입 가까이에 얼굴을 대지 말고, 가능하면 도움을 받아 안전하게 이동하세요. 구토 중이라면 입마개를 하지 마세요.","2","60"
"3","중독","독성 물질 섭취/접촉 의심","[""독"", ""중독"", ""약"", ""세제"", ""쥐약"", ""부동액"", ""먹었"", ""삼켰"", ""핥았""]","독성 가능 물질 섭취/접촉 또는 유해 물질 노출이 언급된 경우","위험","1","물질명, 양, 경과 시간, 증상을 정리해 즉시 동물병원 또는 독성 상담 기관에 연락하세요.","3","100"
"4","중독","중독 상담 정보 정리","[""제품명"", ""성분표"", ""얼마나"", ""언제 먹"", ""체중"", ""포장지""]","독성 상담 또는 병원 전달 정보를 정리해야 하는 경우","주의","0","제품명/성분표, 섭취량, 섭취 시간, 체중, 현재 증상을 정리해 병원에 전달하세요.","4","70"
"5","외상","골절/심한 절뚝거림 의심","[""골절"", ""다리 부러"", ""절뚝"", ""절뚝거"", ""쩔뚝"", ""쩔뚝거"", ""다리를 절"", ""다리 절"", ""절어요"", ""삐끗"", ""계단"", ""추락"", ""사고"", ""못 걸어"", ""걷기 힘들"", ""다리 못 딛"", ""딛지 못"", ""소리 질러""]","골절, 추락, 교통사고 또는 심한 절뚝거림이 언급된 경우","위험","1","움직임을 최소화하고 평평한 표면으로 지지한 뒤 가까운 동물병원으로 이동하세요.","5","90"
"6","출혈","내부 출혈 의심","[""코피"", ""입에서 피"", ""혈뇨"", ""피 섞인 기침"", ""창백한 잇몸"", ""쓰러짐""]","내부 출혈 의심 징후가 언급된 경우","위험","1","따뜻하고 조용하게 유지하면서 즉시 가까운 동물병원으로 이동하세요.","6","100"
"7","출혈","심한 외부 출혈","[""피가 많이"", ""출혈"", ""피 안 멈"", ""상처"", ""물렸"", ""찢어""]","외부 상처 출혈 또는 피가 계속 나는 상황이 언급된 경우","위험","1","깨끗한 천으로 직접 압박하고, 심한 출혈이면 즉시 병원으로 이동하세요.","7","95"
"8","화상","화상/열 손상","[""화상"", ""데였"", ""뜨거운 물"", ""불에"", ""화끈""]","화상 또는 고온 접촉으로 인한 손상이 언급된 경우","위험","1","상온의 물로 식히고 젖은 수건으로 덮은 뒤 즉시 동물병원에 방문하세요.","8","90"
"9","눈","눈 부상/이물질","[""눈"", ""눈 다침"", ""눈에"", ""눈 이물질"", ""눈 긁"", ""눈 비비"", ""눈 비벼"", ""눈을 비비"", ""눈을 비벼"", ""충혈"", ""눈 충혈"", ""눈 빨개"", ""눈 빨갛"", ""눈이 빨갛"", ""눈 붉"", ""빨게"", ""눈 못 떠""]","눈 부상, 눈 속 이물질, 눈을 비비는 상황이 언급된 경우","위험","1","가능하면 식염수로 부드럽게 씻고 눈을 비비지 못하게 한 뒤 즉시 병원에 방문하세요.","9","90"
"10","교상/독","뱀 물림","[""뱀"", ""독사"", ""뱀에 물"", ""물렸어""]","뱀에 물린 상황이 언급된 경우","위험","1","뱀을 잡으려 하지 말고, 가능하면 안전한 거리에서 사진을 찍은 뒤 즉시 병원으로 이동하세요.","10","100"
"11","열사병","열사병 의심","[""열사병"", ""더위"", ""헐떡"", ""침 많이"", ""축 처져"", ""혼란"", ""잇몸 이상""]","더위 노출 후 심한 헐떡임, 침 흘림, 무기력, 혼란, 잇몸 이상 등이 언급된 경우","위험","1","그늘이나 서늘한 곳으로 옮기고 상온 물에 적신 수건으로 식히며 즉시 병원으로 이동하세요.","11","100"
"12","쇼크","쇼크 의심","[""쇼크"", ""약한 맥박"", ""얕은 호흡"", ""멍한 눈"", ""기절"", ""쓰러짐""]","쇼크, 약한 맥박, 얕은 호흡, 쓰러짐 등이 언급된 경우","위험","1","따뜻하고 조용하게 유지하면서 즉시 가까운 동물병원으로 이동하세요.","12","100"
"13","발작","발작/경련","[""발작"", ""경련"", ""몸을 떨어"", ""의식 없음"", ""침 흘려"", ""쓰러져""]","발작, 경련 또는 의식 이상이 언급된 경우","위험","1","주변 위험물을 치우고 발작 시간을 기록한 뒤 병원에 연락하세요. 입 안에 손을 넣지 마세요.","13","100"
"14","질식","질식/기도 이물질 의심","[""질식"", ""기도폐쇄"", ""하임리히"", ""켁켁"", ""캑캑"", ""컥컥"", ""목에 걸"", ""목 걸"", ""입을 긁"", ""혀 파래"", ""입술 파래"", ""숨 못 쉬"", ""숨쉬기 힘들"", ""호흡곤란""]","질식음, 호흡곤란, 푸른 입술/혀 또는 목에 걸린 듯한 증상이 언급된 경우","위험","1","숨을 쉴 수 있으면 진정시키고 즉시 병원에 가세요. 보이는 이물질만 조심히 확인하세요.","14","100"
"15","호흡정지","호흡하지 않음","[""숨 안 쉬"", ""호흡 안"", ""호흡정지"", ""기도 막힘""]","호흡하지 않거나 기도가 막힌 듯한 상황이 언급된 경우","위험","1","기도를 확인하고 가능한 경우 구조호흡을 시작하면서 즉시 병원으로 이동하세요.","15","110"
"16","심정지","심박/맥박 없음","[""심장 안 뛰"", ""맥박 없음"", ""반응 없음"", ""심정지"", ""CPR""]","심박 없음, 반응 없음 또는 CPR 필요 상황이 언급된 경우","위험","1","가능한 경우 구조호흡과 흉부압박을 시행하며 즉시 병원으로 이동하세요.","16","120"
"17","중독 공통","독성 물질 섭취/노출 의심","[""독성"", ""중독"", ""먹었어"", ""삼켰어"", ""핥았어"", ""묻었어"", ""노출"", ""poison""]","사용자가 독성 물질 섭취 또는 접촉을 언급한 경우","위험","1","물질명, 제품명, 섭취량과 시간을 확인하고 즉시 동물병원 또는 독성 상담 기관에 연락하세요.","17","95"
"18","독성 식물","식물 섭취 의심","[""식물"", ""화초"", ""꽃"", ""잎"", ""풀"", ""나뭇잎"", ""먹었""]","식물 섭취가 언급되었으나 식물명이 불명확한 경우","주의","0","식물명이나 사진, 섭취량과 시간을 확인하고 수의사에게 문의하세요.","18","55"
"19","독성 식물","소철/사고야자 섭취","[""소철"", ""사고야자"", ""sago palm"", ""cycad"", ""zamia""]","Sago Palm 또는 소철류 섭취가 언급된 경우","위험","1","소철/사고야자 섭취는 고위험일 수 있으므로 즉시 동물병원에 연락하세요.","19","100"
"20","독성 식물","튤립/구근 섭취","[""튤립"", ""tulip"", ""구근""]","튤립 또는 구근 섭취가 언급된 경우","위험","1","튤립 특히 구근 섭취는 위험할 수 있으므로 섭취량과 시간을 확인해 병원에 문의하세요.","20","90"
"21","독성 식물","철쭉/진달래류 섭취","[""철쭉"", ""진달래"", ""azalea"", ""rhododendron""]","Azalea/Rhododendron류 섭취가 언급된 경우","위험","1","철쭉/진달래류 섭취는 위험할 수 있으므로 즉시 병원에 연락하세요.","21","95"
"22","독성 식물","백합 섭취 - 강아지 기준 확인","[""백합"", ""lily""]","백합 섭취가 언급된 경우, 강아지 단독인지 반려묘 동거인지 확인 필요","정보부족","0","강아지 기준으로는 ASPCA에서 비독성으로 분류하지만, 식물명이 불확실하거나 반려묘가 함께 있다면 병원에 문의하세요.","22","30"
"23","위험 음식","알코올 섭취","[""술"", ""알코올"", ""맥주"", ""와인"", ""소주"", ""막걸리"", ""alcohol""]","알코올 또는 알코올 포함 음식/음료 섭취가 언급된 경우","위험","1","알코올 섭취량과 시간을 확인하고 즉시 동물병원에 연락하세요.","24","100"
"24","위험 음식","생효모 반죽 섭취","[""생반죽"", ""효모"", ""이스트"", ""yeast dough"", ""빵반죽""]","생효모 반죽 섭취가 언급된 경우","위험","1","생반죽 섭취는 위장 팽창 및 알코올 생성 위험이 있으므로 즉시 병원에 문의하세요.","24","100"
"25","위험 음식","초콜릿/카페인 섭취","[""초콜릿"", ""초코"", ""카카오"", ""코코아"", ""커피"", ""카페인"", ""에너지드링크"", ""콜드브루""]","초콜릿, 코코아, 커피, 카페인 제품 섭취가 언급된 경우","위험","1","제품 종류와 섭취량, 시간을 확인하고 즉시 동물병원에 연락하세요.","25","100"
"26","위험 음식","포도/건포도 섭취","[""포도"", ""건포도"", ""grape"", ""raisin""]","포도 또는 건포도 섭취가 언급된 경우","위험","1","섭취 개수/양과 시간을 확인하고 즉시 동물병원에 연락하세요.","26","100"
"27","위험 음식","양파/마늘/부추류 섭취","[""양파"", ""마늘"", ""부추"", ""파"", ""쪽파"", ""대파"", ""차이브"", ""allium""]","Allium류가 들어간 음식 섭취가 언급된 경우","위험","1","조리 여부와 섭취량을 확인하고 동물병원에 문의하세요.","27","95"
"28","위험 음식","자일리톨 섭취","[""자일리톨"", ""무설탕"", ""껌"", ""사탕"", ""캔디"", ""치약"", ""xylitol""]","자일리톨 또는 무설탕 제품 섭취가 언급된 경우","위험","1","제품 성분표와 섭취량을 확인하고 즉시 동물병원에 연락하세요.","28","100"
"29","위험 음식","마카다미아 섭취","[""마카다미아"", ""macadamia""]","마카다미아 섭취가 언급된 경우","위험","1","섭취량과 시간을 확인하고 병원에 문의하세요.","29","90"
"30","위험 음식","고염분/소금반죽 섭취","[""소금"", ""짠 음식"", ""소금반죽"", ""salt dough"", ""육수큐브"", ""bouillon""]","과도한 염분 음식 또는 소금반죽 섭취가 언급된 경우","위험","1","섭취량과 제품/음식 종류를 확인하고 병원에 문의하세요.","30","90"
"31","위험 음식","뼈/생고기/날계란 섭취","[""뼈"", ""닭뼈"", ""생고기"", ""날고기"", ""날계란"", ""raw egg"", ""raw meat""]","뼈, 생고기, 날계란 섭취가 언급된 경우","주의","0","섭취한 음식과 양을 확인하고 구토, 복통, 무기력, 배변 이상이 있으면 병원에 문의하세요.","31","70"
"32","주의 음식","유제품/고지방 견과류 섭취","[""우유"", ""치즈"", ""요거트"", ""유제품"", ""견과류"", ""아몬드"", ""호두"", ""피칸"", ""기름진""]","유제품 또는 일반 견과류/고지방 음식 섭취가 언급된 경우","주의","0","섭취량을 확인하고 설사/구토가 반복되거나 무기력이 있으면 병원에 문의하세요.","32","45"
"33","가정용품 중독","가정용품/세제 노출","[""세제"", ""청소용품"", ""생활용품"", ""화장품"", ""약품"", ""용품"", ""노출""]","가정용품 섭취 또는 접촉이 언급된 경우","주의","0","제품명과 성분표, 노출 경로와 시간을 확인해 병원에 문의하세요.","33","55"
"34","가정용품 중독","표백제/락스 섭취 또는 접촉","[""락스"", ""표백제"", ""bleach"", ""염소계""]","표백제 섭취 또는 접촉이 언급된 경우","위험","1","제품 농도와 노출 경로를 확인하고 즉시 병원 또는 독성 상담 기관에 연락하세요.","34","95"
"35","가정용품 중독","치약/자일리톨 가능 제품 섭취","[""치약"", ""toothpaste"", ""불소"", ""fluoride"", ""자일리톨""]","치약 섭취가 언급된 경우","위험","1","치약 성분표와 섭취량을 확인하고 병원에 연락하세요. 자일리톨 포함 여부를 확인하세요.","35","95"
"36","가정용품 중독","세탁세제/캡슐세제/드라이어시트 섭취","[""세탁세제"", ""캡슐세제"", ""세제포드"", ""laundry pod"", ""dryer sheet"", ""드라이어시트"", ""섬유유연제""]","세탁 제품 섭취가 언급된 경우","위험","1","제품명과 성분표, 섭취량과 시간을 확인하고 즉시 병원에 연락하세요.","36","95"
"37","가정용품 중독","화장품 또는 포장재 섭취","[""립스틱"", ""립글로스"", ""마스카라"", ""화장품"", ""로션"", ""바세린"", ""포장"", ""플라스틱""]","화장품 또는 포장재 섭취가 언급된 경우","주의","0","화장품 자체뿐 아니라 플라스틱 포장재를 삼켰는지 확인하고 병원에 문의하세요.","37","65"
"38","열사병/계절성","더위 노출 후 열사병 의심","[""더위"", ""뜨거워"", ""열사병"", ""헐떡"", ""호흡곤란"", ""침흘림"", ""쓰러짐"", ""발작"", ""차 안"", ""아스팔트""]","더위 노출 후 헐떡임, 호흡곤란, 침흘림, 쓰러짐, 발작 등이 언급된 경우","위험","1","시원한 곳으로 이동시키고 즉시 동물병원에 연락하세요.","38","100"
"39","계절성 위험","명절 장식/전선/배터리/틴셀 노출","[""전선"", ""배터리"", ""장식"", ""유리장식"", ""틴셀"", ""크리스마스"", ""트리"", ""스노우글로브"", ""제설제""]","명절 장식이나 화학물질/이물질 노출이 언급된 경우","위험","1","무엇을 씹거나 삼켰는지 제품/사진을 확인하고 병원에 문의하세요.","39","85"
"40","계절성 위험","할로윈 사탕/소품 섭취","[""할로윈"", ""사탕"", ""초콜릿"", ""무설탕"", ""자일리톨"", ""의상"", ""소품"", ""장식""]","할로윈 사탕 또는 소품/장식 섭취가 언급된 경우","위험","1","사탕 종류, 포장지, 섭취량과 시간을 확인해 병원에 연락하세요.","40","90"
"41","계절성/음식 위험","추수감사절/명절 음식 섭취","[""추수감사절"", ""칠면조"", ""닭뼈"", ""양파"", ""마늘"", ""육수큐브"", ""생반죽"", ""초콜릿"", ""자일리톨"", ""명절음식""]","명절 음식 중 위험 재료 섭취가 언급된 경우","위험","1","음식 재료와 조리 상태, 뼈 여부, 섭취량, 시간을 확인해 병원에 문의하세요.","41","90"
"42","중독 증상","중독 일반 증상 감지","[""중독"", ""구토"", ""설사"", ""침흘림"", ""식욕부진"", ""메스꺼움""]","중독 의심 물질 노출과 위장관 증상이 함께 언급된 경우","주의","0","노출 물질과 증상, 시간을 정리해 수의사 또는 독성 상담 기관에 문의하세요.","42","70"
"43","중독/내출혈","내출혈 의심 증상","[""피토"", ""피 토"", ""피 섞인 기침"", ""창백한 잇몸"", ""하얀 잇몸"", ""쓰러짐"", ""검은변"", ""혈변""]","독성 노출 의심과 피 토함/창백한 잇몸/쓰러짐 등 강한 위험 신호가 언급된 경우","위험","1","출혈 또는 순환 이상과 관련된 위험 신호가 있으므로 즉시 동물병원 또는 응급병원에 연락하세요.","43","100"
"44","중독/신장","신장 독성 의심 증상","[""갈증"", ""물을 많이"", ""소변"", ""배뇨"", ""입냄새"", ""포도"", ""건포도"", ""부동액""]","신장 독성 가능 물질 또는 배뇨/갈증 변화가 언급된 경우","위험","1","섭취 물질과 배뇨 변화, 경과 시간을 정리해 즉시 수의사 상담을 받으세요.","44","95"
"45","중독/간","간 독성 의심 증상","[""황달"", ""잇몸 노래"", ""검은변"", ""검은 변"", ""이상행동"", ""쓰러짐""]","독성 노출 후 황달, 검은 변, 이상 행동, 쓰러짐 등이 언급된 경우","위험","1","간 손상 가능 신호가 있으므로 즉시 병원에 연락하고 노출 물질을 전달하세요.","45","95"
"46","중독/임의처치 금지","임의 구토/민간요법 질문","[""토하게"", ""구토 유도"", ""과산화수소"", ""우유"", ""소금"", ""식용유"", ""민간요법""]","보호자가 독성 노출 후 가정 처치를 문의한 경우","위험","1","수의사 또는 독성 상담 기관과 먼저 상의하세요. 임의 구토 유도나 민간요법은 피하세요.","47","100"
"47","중독/대표 독소","Top 10 독소 섭취 의심","[""초콜릿"", ""포도"", ""건포도"", ""브로메탈린"", ""자일리톨"", ""이부프로펜"", ""THC"", ""쥐약"", ""비타민D"", ""카프로펜"", ""양파""]","Pet Poison Helpline 대표 독성 물질이 언급된 경우","위험","1","의심 물질의 포장/라벨, 섭취량, 시간을 챙겨 즉시 병원으로 이동하세요.","48","100"
"48","식물 중독","위험 식물 섭취 의심","[""백합"", ""릴리"", ""협죽도"", ""수선화"", ""진달래"", ""철쭉"", ""시클라멘"", ""칼랑코에"", ""크로커스""]","위험 식물 섭취 또는 접촉이 언급된 경우","위험","1","식물명이나 사진을 확보해 동물병원에 즉시 문의하세요.","49","95"
"49","약물 중독","사람 약물 섭취 의심","[""이부프로펜"", ""타이레놀"", ""아세트아미노펜"", ""항우울제"", ""ADHD"", ""수면제"", ""사람약""]","사람 약물 섭취가 언급된 경우","위험","1","약 이름, 용량, 복용/섭취 시간을 확인해 즉시 병원 또는 상담 기관에 연락하세요.","50","100"
"50","계절/봄 식물","봄철 구근 식물 섭취","[""튤립"", ""히아신스"", ""구근"", ""수선화"", ""daffodil""]","튤립/히아신스/수선화 등 봄철 구근 식물 섭취가 언급된 경우","주의","0","식물명과 섭취 부위, 증상을 확인해 병원에 문의하세요.","51","75"
"51","계절/여름 염분","바닷물/염분 중독 의심","[""바닷물"", ""소금물"", ""염분"", ""해수욕"", ""비틀"", ""발작""]","바닷물 과다 섭취 또는 염분 중독 의심 증상이 언급된 경우","위험","1","깨끗한 물을 제공하고 증상이 있으면 즉시 병원에 연락하세요.","55","95"
"52","계절/가을 버섯","미확인 버섯 섭취","[""버섯"", ""야생버섯"", ""마당 버섯"", ""산책 중 버섯""]","미확인 버섯 섭취가 언급된 경우","위험","1","버섯 사진이나 샘플을 준비해 즉시 병원에 문의하세요.","56","95"
"53","계절/가을 부동액","부동액 노출","[""부동액"", ""antifreeze"", ""ethylene glycol"", ""차고"", ""비틀"", ""갈증""]","부동액 또는 ethylene glycol 노출이 언급된 경우","위험","1","부동액 노출은 치명적일 수 있으므로 즉시 병원에 연락하세요.","57","100"
"54","계절/할로윈 음식","할로윈 사탕/포장지 섭취","[""할로윈"", ""사탕"", ""초콜릿"", ""건포도"", ""포장지"", ""캔디""]","할로윈 사탕, 초콜릿, 건포도 또는 포장지 섭취가 언급된 경우","위험","1","섭취한 음식과 포장지 포함 여부, 양, 시간을 확인해 병원에 문의하세요.","58","90"
"55","주방/식품 중독","주방 식품 독소 섭취","[""초콜릿"", ""자일리톨"", ""포도"", ""카페인"", ""양파"", ""마늘"", ""마카다미아"", ""생반죽"", ""알코올"", ""소금""]","Pet Poison Helpline 주방 독소 목록 식품 섭취가 언급된 경우","위험","1","식품명, 양, 섭취 시간을 확인해 동물병원 또는 독성 상담 기관에 문의하세요.","58","100"
"56","공간/욕실","욕실 약물/청소제품 노출","[""욕실"", ""약"", ""흡입제"", ""보충제"", ""청소제품"", ""변기세정제"", ""이부프로펜"", ""타이레놀""]","욕실 내 약물 또는 청소제품 노출이 언급된 경우","위험","1","제품명/성분표, 양, 노출 시간을 정리해 즉시 상담하세요.","59","90"
"57","공간/거실","거실 독소 노출","[""포푸리"", ""향"", ""에어로졸"", ""니코틴"", ""배터리"", ""가방"", ""자일리톨""]","거실 내 향제품, 니코틴, 배터리, 가방 속 독소 노출이 언급된 경우","위험","1","노출 물질을 확인하고 제품/사진을 준비해 병원에 문의하세요.","61","85"
"58","공간/다용도실","세탁/표백 제품 노출","[""세탁세제"", ""섬유유연제"", ""표백제"", ""건조기시트"", ""락스"", ""세제""]","세탁/표백 제품 노출 또는 섭취가 언급된 경우","위험","1","제품명/성분표, 노출 경로, 증상을 정리해 즉시 상담하세요.","61","90"
"59","공간/차고","차고 자동차 제품 노출","[""차고"", ""부동액"", ""자동차세정액"", ""브레이크액"", ""메탄올"", ""ethylene glycol""]","차고 내 자동차 관련 제품 노출이 언급된 경우","위험","1","제품명과 성분표, 노출량, 시간을 확인해 즉시 병원에 연락하세요.","63","100"
"60","공간/마당/정원","정원 독소 노출","[""정원"", ""마당"", ""비료"", ""살충제"", ""제초제"", ""퇴비"", ""멀치"", ""독성식물""]","마당/정원 제품 또는 식물 노출이 언급된 경우","주의","0","식물/제품명, 사진, 성분표, 섭취량, 시간을 정리해 병원에 문의하세요.","63","80"
"61","호흡곤란","호흡곤란 위험 신호","[""숨 못 쉬"", ""숨쉬기 힘들"", ""숨 쉬기 힘들"", ""숨을 못"", ""호흡곤란"", ""빠른 호흡"", ""헐떡"", ""잇몸 파래"", ""혀가 파래"", ""청색증"", ""쌕쌕"", ""쓰러짐""]","사용자 입력에 호흡곤란 또는 청색증/쓰러짐 등 호흡 응급 신호가 포함된 경우","위험","1","호흡곤란은 응급 상황일 수 있으므로 즉시 가까운 응급 동물병원에 연락하거나 방문하세요.","65","100"
"62","호흡곤란","호흡 이상 불확실 상담 권장","[""숨 이상"", ""호흡 이상"", ""숨쉬는 게 이상"", ""잘 모르겠"", ""위험한지 모르겠""]","호흡 이상이 의심되지만 사용자가 확신하지 못하는 경우","주의","0","호흡곤란 여부가 불확실해도 수의사 또는 응급 triage 상담을 권장합니다.","65","70"
"63","중독","독성 물질 섭취 의심","[""독성"", ""독"", ""먹었"", ""삼켰"", ""세제"", ""약"", ""농약"", ""쥐약"", ""청소용품"", ""화학물질""]","독성 물질, 약물, 화학물질, 위험 물질 섭취 또는 접촉이 언급된 경우","위험","1","제품명, 성분표, 섭취량, 섭취 시간을 확인하고 즉시 수의사 또는 독성 상담 기관에 연락하세요.","67","100"
"64","중독","중독 증상 동반","[""중독"", ""독성"", ""약"", ""세제"", ""화학물질"", ""황달"", ""혈변"", ""의식저하"", ""호흡곤란""]","독성 물질 노출 가능성과 황달, 혈변, 의식저하, 호흡곤란 같은 위험 신호가 함께 언급된 경우","위험","1","독성 물질 노출 가능성과 위험 신호가 함께 있으므로 즉시 병원 상담이 필요합니다.","67","95"
"65","중독/음식","초콜릿 섭취 고위험","[""초콜릿"", ""초코"", ""카카오"", ""코코아"", ""브라우니"", ""다크초콜릿"", ""베이킹초콜릿""]","초콜릿 또는 카카오 제품 섭취가 언급된 경우","위험","1","초콜릿 종류, 양, 섭취 시간, 체중을 확인하고 즉시 응급 수의사에게 연락하세요.","69","100"
"66","중독/음식","초콜릿 섭취 후 신경/호흡 증상","[""초콜릿"", ""떨림"", ""발작"", ""빠른 호흡"", ""심박"", ""혼수"", ""비틀"", ""과활동""]","초콜릿 섭취와 떨림, 발작, 빠른 호흡, 심박 이상, 혼수 등이 함께 언급된 경우","위험","1","초콜릿 독성 증상이 의심되므로 즉시 응급 진료가 필요할 수 있습니다.","69","100"
"67","감염/응급","렙토스피라 의심 증상","[""렙토스피라"", ""고인물"", ""연못"", ""쥐"", ""황달"", ""소변"", ""구토"", ""무기력"", ""발열""]","고인 물/야생동물/쥐 노출 또는 렙토스피라 언급과 전신 증상이 있는 경우","주의","0","오염된 물이나 야생동물 노출 후 전신 증상이 있으면 동물병원에 상담하세요.","71","75"
"68","감염/보호자 안전","렙토스피라 보호자 안전","[""렙토스피라"", ""소변"", ""전염"", ""사람"", ""장갑"", ""감염""]","렙토스피라 의심 상황에서 소변 접촉 또는 사람 전염 가능성을 문의한 경우","주의","0","소변 접촉을 피하고 장갑과 손씻기를 하며, 병원에 노출 가능성을 알려주세요.","71","65"
"69","이물질/장폐색","이물질 삼킴 위험","[""이물질"", ""장난감"", ""양말"", ""뼈"", ""돌"", ""옥수수대"", ""삼켰"", ""먹었"", ""장폐색""]","소화되지 않는 물체를 삼켰거나 장폐색이 의심되는 경우","위험","1","삼킨 물체의 종류, 크기, 시간과 증상을 정리해 즉시 병원에 문의하세요.","73","95"
"70","이물질/장폐색","선형 이물질 삼킴","[""끈"", ""실"", ""리본"", ""낚싯줄"", ""선형이물"", ""입에서 끈"", ""항문에서 끈""]","끈·리본 등 선형 이물질 섭취가 의심되는 경우","위험","1","선형 이물질은 장 손상 위험이 높으므로 즉시 병원에 문의하세요. 보이는 끈을 잡아당기지 마세요.","73","100"
"71","생식기/응급","자궁축농증 의심","[""자궁축농증"", ""중성화 안"", ""질분비물"", ""고름"", ""발정"", ""복부팽만"", ""창백한 잇몸""]","중성화하지 않은 암컷 또는 최근 발정 이력과 질 분비물/복부팽만/창백한 잇몸 같은 위험 신호가 함께 언급된 경우","위험","1","생식기 감염 또는 전신 악화와 관련된 위험 신호일 수 있으므로 즉시 동물병원에 문의하세요.","75","95"
"72","소화기/응급","GDV/위확장염전 의심","[""위확장"", ""위염전"", ""GDV"", ""bloat"", ""헛구역질"", ""토하려는데 안 나와"", ""복부팽만"", ""배가 부풀"", ""침흘림"", ""안절부절"", ""창백한 잇몸""]","헛구역질, 복부팽만, 침흘림, 안절부절, 창백한 잇몸, 허약/붕괴가 언급된 경우","위험","1","위확장염전은 생명을 위협할 수 있어 즉시 응급 동물병원으로 이동하세요.","75","100"
"73","호흡/주의","후두마비 의심 경미 증상","[""거친 호흡"", ""쌕쌕"", ""기침"", ""구역질"", ""운동불내성"", ""더위불내성"", ""짖는 소리 변""]","거친 호흡, 쌕쌕거림, 기침, 구역질, 운동/더위 불내성이 반복되는 경우","주의","0","호흡이 갑자기 나빠지지 않는 경미한 증상이라도 반복되면 수의사 상담을 예약하고 더위·흥분·운동을 줄이세요.","77","70"
"74","호흡/응급","후두마비 호흡 응급","[""후두마비"", ""호흡곤란"", ""숨 못 쉬"", ""잇몸 파래"", ""혀 파래"", ""청색증"", ""쓰러짐"", ""collapse""]","후두마비 의심과 호흡곤란, 청색증, 쓰러짐이 함께 언급된 경우","위험","1","호흡곤란이나 청색증은 응급 상황일 수 있으므로 즉시 병원으로 이동하세요.","77","100"
"75","감염/응급","파보바이러스 의심","[""파보"", ""파보바이러스"", ""미접종"", ""혈변"", ""점액변"", ""악취"", ""반복 구토"", ""반복 설사""]","어린 강아지 또는 미접종견에서 반복 구토/설사, 혈변, 악취 변 등이 함께 언급된 경우","위험","1","어린 개의 감염성 위장 증상은 빠르게 악화될 수 있으므로 백신 여부와 증상을 정리해 즉시 병원에 문의하세요.","79","90"
"76","신경/주의","발작 후 기록/상담","[""발작"", ""경련"", ""간질"", ""몸을 떨어"", ""침흘림"", ""의식소실"", ""소변"", ""대변"", ""비틀""]","짧은 발작 후 회복했거나 발작 양상을 설명하는 경우","주의","0","발작 시간과 전후 행동을 기록하고 가능하면 영상을 확보한 뒤 수의사에게 상담하세요.","79","75"
"77","신경/응급","발작 응급 기준","[""5분"", ""오분"", ""계속 발작"", ""발작이 안 멈춰"", ""반복 발작"", ""하루 두 번"", ""24시간"", ""여러 번 발작""]","발작이 5분 이상 지속되거나 24시간 내 여러 번 반복되는 경우","위험","1","발작이 길어지거나 반복되면 생명을 위협할 수 있으므로 즉시 응급 병원으로 이동하세요.","81","100"
"78","소화기/주의","경미한 설사 관찰/상담","[""설사"", ""묽은변"", ""물변"", ""새 사료"", ""사료 바꿈"", ""간식"", ""스트레스""]","활력과 식욕은 비교적 정상이고 설사가 시작된 지 1~2일 이내인 경우","주의","0","물을 충분히 제공하고 상태를 관찰하되, 1~2일 이상 지속되거나 악화되면 수의사에게 상담하세요.","81","45"
"79","소화기/응급","설사 위험 신호","[""검은변"", ""타르변"", ""혈변"", ""피 설사"", ""반복 구토"", ""48시간"", ""72시간"", ""이틀"", ""사흘""]","설사와 검은변/혈변, 반복 구토 또는 48~72시간 이상 지속이 함께 언급된 경우","위험","1","탈수나 심각한 원인이 있을 수 있으므로 대변 샘플과 증상 시간을 정리해 병원에 문의하세요.","83","85"
"80","열사병/주의","더위 노출 후 초기 과열","[""더위"", ""더운 날"", ""여름"", ""헐떡"", ""침흘림"", ""그늘"", ""안 놀아"", ""낑낑"", ""과열""]","더운 환경 또는 산책/운동 후 헐떡임, 침흘림, 그늘 찾기, 활동 거부가 언급된 경우","주의","0","즉시 시원한 곳으로 이동시키고 물을 제공하세요. 호흡곤란, 구토, 설사, 무기력, 혼란, 발작, 쓰러짐이 있으면 바로 병원에 연락하세요.","84","64"
"81","열사병/응급","열사병 위험 신호","[""열사병"", ""호흡곤란"", ""혈변"", ""피 설사"", ""구토"", ""허약"", ""혼란"", ""발작"", ""쓰러짐"", ""collapse""]","더위 노출 후 호흡곤란, 혈변성 설사, 구토, 허약, 혼란, 발작, 붕괴가 언급된 경우","위험","1","열사병은 생명을 위협할 수 있으므로 냉각을 시작하면서 즉시 동물병원으로 이동하세요.","84","100"
"82","소화기/감염","지아르디아 의심 설사","[""지아르디아"", ""설사"", ""점액변"", ""악취"", ""물변"", ""복부 불편"", ""오염된 물"", ""웅덩이물""]","급성 설사, 점액성/악취성 묽은 변, 오염된 물/흙 노출이 언급된 경우","주의","0","감염성 설사 가능성이 있어 대변 상태와 노출 이력을 정리해 수의사 상담 또는 분변검사를 문의하세요.","86","55"
"83","감염/응급","디스템퍼 의심","[""디스템퍼"", ""미접종"", ""어린 강아지"", ""눈곱"", ""콧물"", ""신경증상"", ""발작"", ""마비""]","어린 강아지/미접종견에서 눈·코 분비물 또는 신경 증상이 함께 언급된 경우","위험","1","전염성 감염과 관련된 위험 신호일 수 있으므로 백신 여부와 증상을 정리해 즉시 병원에 문의하세요.","86","90"
"84","감염/응급","디스템퍼 신경증상","[""디스템퍼"", ""발작"", ""마비"", ""비틀거림"", ""근육떨림"", ""신경증상"", ""걷지 못해""]","디스템퍼 의심과 신경 증상이 함께 언급된 경우","위험","1","발작·마비·비틀거림은 위험 신호일 수 있으므로 즉시 병원으로 이동하세요.","88","99"
"85","중독/응급","남조류 노출 의심","[""남조류"", ""녹조"", ""청록조류"", ""cyanobacteria"", ""호수"", ""연못"", ""정체수"", ""수영"", ""물 마심"", ""구토"", ""발작"", ""호흡곤란""]","호수/연못/정체수/녹조 의심 물에서 수영하거나 마신 뒤 구토, 떨림, 호흡곤란, 발작 등 증상이 언급된 경우","위험","1","남조류 독성은 빠르게 치명적일 수 있으므로 깨끗한 물로 털을 헹구고 즉시 병원에 연락하세요.","88","100"
"86","중독/응급","과도한 물 섭취/물 중독 의심","[""물 많이 먹"", ""물 너무 많이"", ""물놀이"", ""수영장"", ""호수"", ""발작"", ""비틀"", ""이상행동"", ""멍해""]","물놀이 후 많은 물 섭취와 비틀거림, 발작, 이상행동이 함께 언급된 경우","위험","1","물 중독 가능성이 있으므로 물놀이를 중단하고 즉시 동물병원에 연락하세요.","90","94"
"87","중독/응급","바닷물/소금물 중독 의심","[""바닷물"", ""소금물"", ""해변"", ""물설사"", ""근육떨림"", ""방향감각"", ""발작"", ""비틀""]","해변 물놀이 후 바닷물 섭취와 신경 증상 또는 심한 물설사가 언급된 경우","위험","1","바닷물/소금물 중독은 위험할 수 있으므로 신선한 물을 제공하고 즉시 병원에 문의하세요.","90","95"
"88","화학물질/응급","수영장 화학물질 노출","[""수영장"", ""염소"", ""chlorine"", ""pool shock"", ""화학물질"", ""입 화상"", ""호흡기"", ""쓰러짐""]","수영장 고농도 염소 노출, 농축 화학물질을 씹거나 삼킨 경우, 호흡기 자극/쓰러짐이 언급된 경우","위험","1","제품명과 노출 형태를 확인하고 즉시 병원 또는 독성 상담 기관에 연락하세요.","92","89"
"89","화학물질/응급","잔디/정원 제품 섭취","[""비료"", ""제초제"", ""살충제"", ""잔디관리"", ""정원제품"", ""ant bait"", ""snail bait"", ""곰팡이 비료"", ""봉지 뜯""]","잔디/정원 제품을 직접 먹었거나 제품 봉지를 뜯어 먹은 경우","위험","1","제품 라벨과 섭취량, 경과 시간을 확인해 독성 상담 또는 병원에 연락하세요.","92","90"
"90","중독/응급","코코아 멀치 섭취","[""코코아 멀치"", ""cocoa mulch"", ""멀치"", ""카카오 멀치"", ""초콜릿 냄새""]","코코아빈 멀치 또는 초콜릿 냄새가 나는 멀치 섭취가 언급된 경우","위험","1","코코아 멀치는 초콜릿처럼 독성이 있을 수 있으므로 섭취량과 시간을 확인해 병원에 문의하세요.","94","89"
"91","잇몸색/순환","비정상 잇몸색 위험","[""잇몸 하얘"", ""창백한 잇몸"", ""잇몸이 파래"", ""잇몸 보라"", ""잇몸 노래"", ""잇몸 빨개"", ""잇몸 갈색"", ""혀가 파래""]","잇몸색이 연어색이 아닌 비정상 색으로 언급된 경우","위험","1","잇몸색 이상은 건강 문제의 신호일 수 있으므로 밝은 곳에서 사진을 찍고 즉시 수의사에게 연락하세요.","95","95"
"92","탈수/순환","건조한 잇몸/CRT 지연","[""잇몸 건조"", ""잇몸 끈적"", ""재충혈"", ""2초"", ""탈수"", ""잇몸 마름""]","잇몸이 건조/끈적하거나 재충혈 시간이 2초 이상으로 언급된 경우","주의","0","탈수 또는 순환 문제 신호일 수 있으므로 물 섭취, 구토/설사 여부를 확인하고 병원 상담을 권장합니다.","94","70"
"93","호흡기","지속 재채기/동반 증상","[""재채기"", ""계속 재채기"", ""콧물"", ""코피"", ""코 아파"", ""얼굴 부음""]","재채기가 지속되거나 콧물, 코피, 코 통증, 얼굴 부종 등 동반 증상이 언급된 경우","주의","0","재채기 빈도와 동반 증상을 기록하고 수의사에게 상담하세요. 호흡곤란이 있으면 즉시 병원에 연락하세요.","96","55"
"94","호흡기","재채기+호흡곤란","[""재채기"", ""숨 못 쉬"", ""호흡곤란"", ""숨쉬기 힘들"", ""입 벌리고 숨"", ""잇몸 파래""]","재채기와 함께 호흡곤란 표현이 있는 경우","위험","1","호흡곤란은 응급 신호일 수 있으므로 즉시 동물병원에 연락하세요.","95","100"
"95","신경/눈","비자발적 안구 떨림","[""눈 떨림"", ""안구 떨림"", ""눈이 흔들"", ""nystagmus"", ""눈이 왔다갔다"", ""머리 기울"", ""비틀""]","머리가 가만히 있는데 눈 떨림이 새로 생겼거나 비틀거림/머리 기울임이 동반된 경우","위험","1","비자발적 안구 떨림은 즉시 수의사 상담이 필요한 신호입니다. 영상을 촬영해 병원에 연락하세요.","97","95"
"96","눈/시력","눈 혼탁/시력저하","[""눈이 뿌옇"", ""눈 흐림"", ""백내장"", ""시력"", ""부딪혀"", ""눈이 하얘"", ""눈이 파래""]","눈 색/혼탁 변화 또는 시력저하가 언급된 경우","주의","0","눈 변화는 원인이 다양하므로 사진과 증상 시작 시점을 기록해 수의사에게 상담하세요.","97","60"
"97","피부/혹","새로운 혹/멍울","[""혹"", ""멍울"", ""종양"", ""피부 혹"", ""덩어리"", ""만져져""]","새로운 혹이나 멍울이 언급된 경우","주의","0","새로운 혹은 겉보기와 달리 확인이 필요할 수 있으므로 사진, 크기, 위치를 기록해 병원 상담을 권장합니다.","99","50"
"98","피부/혹","혹 변화/출혈/진물","[""혹 커져"", ""멍울 커져"", ""피 나"", ""진물"", ""덜 움직"", ""통증"", ""걷기 불편"", ""움직임 제한""]","기존 혹이 커지거나 출혈/진물/통증/움직임 제한이 언급된 경우","위험","1","혹의 빠른 변화나 출혈·진물·통증은 위험 신호일 수 있으므로 병원에 연락하세요.","98","85"
"99","중독/식품","양파/마늘/리크 섭취(PDSA)","[""양파"", ""마늘"", ""리크"", ""부추"", ""파"", ""대파"", ""쪽파"", ""차이브"", ""allium""]","양파/마늘/리크/부추류 또는 이를 포함한 음식 섭취가 언급된 경우","위험","1","Allium류는 개에게 독성이 있을 수 있으므로 섭취량과 시간을 확인하고 즉시 병원에 연락하세요.","100","100"
"100","알레르기/응급","아나필락시스 의심","[""얼굴 부음"", ""주둥이 부음"", ""두드러기"", ""벌 쏘"", ""알레르기"", ""토하고 설사"", ""호흡곤란"", ""쓰러짐""]","알레르기 노출 후 얼굴/주둥이 부종·두드러기·구토/설사·불안 또는 호흡곤란/붕괴가 언급된 경우","위험","1","심한 알레르기 반응은 빠르게 악화될 수 있으므로 즉시 병원에 연락하세요.","102","100"
"101","외상/출혈","교통사고/심한 출혈","[""차에 치"", ""교통사고"", ""피가 분출"", ""피가 많이"", ""출혈 안 멈"", ""붕대가 젖"", ""물림"", ""관통"", ""싸움""]","교통사고, 심한 출혈, 관통상, 심한 물림/싸움 상처가 언급된 경우","위험","1","깨끗한 천으로 압박하고 즉시 동물병원에 연락/이동하세요.","103","100"
"102","열사병/호흡","열사병/푸른 잇몸","[""열사병"", ""더위"", ""의식 잃"", ""쓰러짐"", ""파란 잇몸"", ""혀가 파래"", ""호흡곤란"", ""심한 헐떡""]","더위 노출 후 의식저하, 쓰러짐, 푸른 잇몸, 호흡곤란 또는 심한 헐떡임이 언급된 경우","위험","1","고온 노출 뒤 체온 조절 또는 호흡과 관련된 위험 신호가 있으므로 즉시 병원에 연락하세요.","104","100"
"103","식물/중독","독성 식물 섭취","[""백합"", ""필로덴드론"", ""협죽도"", ""알로에"", ""국화"", ""히아신스"", ""튤립"", ""옥수"", ""사고야자"", ""수선화"", ""아스파라거스 펀"", ""식물 먹""]","독성 식물 또는 이름 모를 식물 섭취가 언급된 경우","위험","1","식물 이름이나 사진, 섭취량과 시간을 확인하고 수의사 또는 독성 상담 기관에 연락하세요.","105","90"
"104","일반 이상 증상","하루 이상 지속되는 이상 증상","[""식욕없"", ""안 먹"", ""무기력"", ""활동 줄"", ""구토"", ""설사"", ""기침"", ""재채기"", ""분비물"", ""가려움"", ""절뚝"", ""절뚝거"", ""쩔뚝"", ""쩔뚝거"", ""다리를 절"", ""다리 절"", ""절어요"", ""삐끗"", ""걷기 힘들"", ""걷기 어려""]","식욕저하/무기력/구토/설사/기침/분비물/피부/절뚝임이 하루 이상 지속된다고 언급된 경우","주의","0","증상이 하루나 이틀 이상 지속되면 병원 상담을 권장합니다. 시작 시점과 빈도를 기록하세요.","106","40"
"105","빈혈/쇼크","창백한 잇몸+허약/출혈","[""창백한 잇몸"", ""하얀 잇몸"", ""심박"", ""피 많이"", ""출혈"", ""쇼크"", ""쓰러짐""]","창백한 잇몸과 심한 출혈, 빠른 심박, 쓰러짐 등이 함께 언급된 경우","위험","1","창백한 잇몸과 출혈/쓰러짐은 위험 신호일 수 있으므로 즉시 병원에 연락하세요.","107","100"
"106","응급처치","즉시 진료 응급 예시","[""중독"", ""심한 통증"", ""출혈"", ""호흡곤란"", ""눈 부상"", ""골절"", ""다리 못 움직""]","중독, 심한 통증, 조절 안 되는 출혈, 호흡곤란, 눈 부상, 골절 의심이 언급된 경우","위험","1","즉시 진료가 필요한 응급 상황일 수 있으므로 병원으로 이동하세요.","109","95"
"107","질식","질식 의심","[""질식"", ""기도폐쇄"", ""하임리히"", ""목에 걸"", ""목 걸"", ""켁켁"", ""캑캑"", ""컥컥"", ""침흘림"", ""구역질"", ""입을 긁"", ""입 벌리고"", ""숨쉬기 힘들"", ""숨 못 쉬""]","질식 증상 또는 목에 걸림 표현이 언급된 경우","위험","1","질식은 응급일 수 있으므로 즉시 병원에 연락하세요. 물릴 수 있으니 무리하게 입 안에 손을 넣지 마세요.","110","100"
"108","부상/주의","경미한 절뚝임/삠","[""절뚝"", ""절뚝거"", ""쩔뚝"", ""쩔뚝거"", ""다리를 절"", ""다리 절"", ""절어요"", ""삐었"", ""삐끗"", ""삐끗했"", ""부었"", ""발톱 부러"", ""멍"", ""통증"", ""다리 아파"", ""다리 만지"", ""만지면 아파"", ""만지면 피"", ""만지면 소리"", ""소리 질러""]","경미~중등도 통증/부종/절뚝임이 있으나 심한 출혈·골절 의심·이동 불가가 없는 경우","주의","0","활동을 제한하고 통증/부종/절뚝임이 지속되면 병원에 문의하세요.","111","45"
"109","이물질/알레르기","끈/날카로운 물체 삼킴","[""끈 삼"", ""실 삼"", ""낚싯줄"", ""스타킹"", ""날카로운"", ""유리"", ""바늘"", ""반복 구토"", ""배 아파"", ""변을 못""]","긴 끈/날카로운 물체를 삼켰거나 반복 구토, 복부 압통, 배변 중단이 언급된 경우","위험","1","장 손상 위험이 있으므로 입 밖의 끈을 당기지 말고 즉시 병원에 연락하세요.","112","100"
"110","곤충쏘임/알레르기","곤충 쏘임 후 머리/목 부종","[""벌 쏘"", ""벌레 물"", ""머리 부음"", ""목 부음"", ""혀"", ""입천장"", ""호흡곤란""]","곤충 쏘임 후 머리/목의 큰 부종, 혀/입천장 쏘임, 호흡곤란이 언급된 경우","위험","1","기도를 막을 수 있는 부종은 응급일 수 있으므로 즉시 병원에 연락하세요.","112","95"
"111","저체온/응급","저체온 의심","[""저체온"", ""추위"", ""동사"", ""얼어"", ""떨림"", ""느린 맥박"", ""쓰러짐"", ""혼란""]","추위 노출 후 느린 맥박, 얕은 호흡, 혼란, 쓰러짐 등 저체온 증상이 언급된 경우","위험","1","동물이 젖어 있으면 건조시키고, 따뜻한(뜨겁지 않은) 것으로 감싸면서 즉시 병원에 연락하세요. 얼음이나 뜨거운 물은 사용하지 마세요.","113","90"
"112","외상/목졸림","목줄/끈 목 졸림 부상","[""목줄"", ""목 졸림"", ""끈에 걸림"", ""교살"", ""목 부상"", ""목 외상""]","목줄이나 끈으로 인한 목 졸림 부상이 언급된 경우","위험","1","목줄을 제거하고 임시 하네스나 리드줄로 통제하면서 즉시 병원으로 이동하세요.","115","90"
"113","외상/상처","응급 상처 기준","[""깊은 상처"", ""상처 깊"", ""유리 박힘"", ""이물질 박힘"", ""눈 다침"", ""화상"", ""물림"", ""물렸"", ""감염"", ""고름"", ""상처가 곪"", ""상처 냄새"", ""피 안 멈"", ""피가 계속""]","깊은 상처, 이물 박힘, 눈·화상 손상, 물림, 고름·감염, 출혈 지속이 언급된 경우","위험","1","상처가 깊거나 물림·감염·고름·이물 박힘·눈/화상 손상이 의심되면 즉시 병원에 연락하세요.","116","100"
"114","외상/주의","작은 상처/찰과상 관리","[""상처"", ""작은 상처"", ""살짝 긁"", ""찰과상"", ""피 조금"", ""피가 나"", ""피났"", ""피 나"", ""발 상처"", ""발바닥 상처"", ""발바닥 피"", ""가벼운 상처"", ""상처 작"", ""외상"", ""출혈""]","작고 피가 거의 나지 않으며 활력 저하·심한 통증·깊은 상처가 없는 경우 또는 보호자가 외상/출혈 동반 상처를 문의한 경우","주의","0","깨끗한 물 또는 식염수로 부드럽게 씻고 핥지 못하게 하며, 붉어짐·부기·고름·통증이 보이면 병원에 문의하세요.","117","35"
"115","출혈/외상","심한 외부 출혈","[""피가 많이"", ""출혈 심"", ""피 안 멈"", ""피가 계속"", ""붕대 젖"", ""수건 젖"", ""분출""]","상처에서 피가 많이 나거나 압박해도 멈추지 않는 출혈이 언급된 경우","위험","1","깨끗한 천으로 직접 압박하고, 피가 밴 천은 떼지 말고 덧댄 뒤 즉시 병원으로 이동하세요.","118","100"
"116","출혈/내출혈","내부 출혈 의심","[""내출혈"", ""창백한 잇몸"", ""하얀 잇몸"", ""배 부음"", ""복부 팽만"", ""차가운 발"", ""쓰러짐"", ""호흡곤란"", ""멍""]","외상 후 창백한 잇몸, 쓰러짐, 차가운 말단, 멍, 호흡곤란, 복부 팽만 등이 언급된 경우","위험","1","내부 출혈은 생명을 위협할 수 있으므로 따뜻하게 유지하며 즉시 병원으로 이동하세요.","119","100"
"117","외상/물림","물림 상처 응급","[""물림"", ""물렸"", ""개한테 물"", ""고양이한테 물"", ""싸움"", ""물린 상처"", ""물린 자국""]","개나 고양이 등 동물에게 물렸거나 공격받은 상처가 언급된 경우","위험","1","물림 상처는 겉보기보다 깊거나 감염 위험이 크므로 즉시 병원에 연락하고 확인받으세요.","120","100"
"118","외상/뱀물림","뱀 물림 의심","[""뱀"", ""뱀 물"", ""독사"", ""물린 후 부음"", ""얼굴 부음"", ""목 부음"", ""호흡 문제""]","뱀 또는 독사 물림 의심, 물린 뒤 부기나 통증·호흡 문제 언급","위험","1","뱀 물림은 응급입니다. 움직임을 줄이고 즉시 가까운 동물병원으로 이동하세요.","121","100"
"119","외상/입상처","가벼운 입/입술 베임","[""입 베임"", ""입술 베임"", ""입안 베임"", ""입에 작은 상처"", ""입술 상처"", ""입안 상처"", ""피 거의 안"", ""피 안 나"", ""피 멈춤"", ""가벼운 입 상처""]","입·입술의 작은 베임이나 긁힘이며 피가 거의 없거나 멈춘 경우","주의","0","입이나 입술 상처를 부드럽게 확인하고, 통증·부기·출혈·식욕저하가 있거나 판단이 어렵다면 병원에 문의하세요.","122","55"
"120","외상/입상처","입/입술 큰 베임 또는 출혈 지속","[""입 피가 계속"", ""입에서 피가 많이"", ""입 피 많이"", ""입술 피가 계속"", ""혀 찢어짐"", ""입 크게 베임"", ""입술 크게 베임"", ""입안 깊은 상처"", ""입 관통"", ""입 이물 박힘"", ""삼키기 어려움"", ""호흡 이상""]","입·입술·혀 상처에서 출혈 지속, 많은 출혈, 큰 베임, 깊은 상처, 호흡·삼킴 문제가 언급된 경우","위험","1","깨끗한 천으로 부드럽게 압박하고 즉시 동물병원으로 이동하세요.","123","100"
"121","외상/쇼크","외상 후 쇼크 의심","[""쇼크"", ""창백한 잇몸"", ""맥박 약"", ""심박 빨라"", ""쓰러짐"", ""의식저하"", ""대량 출혈"", ""두부 손상""]","외상 후 쇼크 의심 신호가 언급된 경우","위험","1","쇼크는 장기 손상으로 이어질 수 있으므로 즉시 병원으로 이동하세요.","124","100"
"122","외상/교통사고","교통사고/낙상/큰 외상","[""교통사고"", ""차에 치"", ""차에 부딪"", ""높은 곳"", ""떨어졌"", ""낙상"", ""큰 개한테 물"", ""큰 사고""]","교통사고, 높은 곳에서 떨어짐, 큰 동물 공격 등 큰 외상이 언급된 경우","위험","1","겉으로 멀쩡해 보여도 내부 손상 가능성이 있으므로 움직임을 최소화하고 병원으로 이동하세요.","125","100"
"123","외상/상처관리","상처 세척/초기 관리 문의","[""상처 씻"", ""상처 세척"", ""소독"", ""식염수"", ""물로 씻"", ""붕대"", ""오염""]","상처 세척이나 임시 붕대 등 초기 관리 방법을 묻는 경우","주의","0","출혈이 있으면 먼저 압박하고, 작고 얕은 상처는 물이나 식염수로 부드럽게 씻은 뒤 병원 상담 여부를 확인하세요.","126","55"
"124","외상/물림","작아 보이는 물림/구멍 상처","[""구멍 상처"", ""작은 구멍"", ""깊은 물림"", ""깊은 찔림"", ""작아 보이는 물림"", ""작게 물림"", ""피부가 뚫림"", ""물린 자국""]","물림 또는 구멍 상처가 작아 보여도 깊은 조직 손상 가능성이 언급된 경우","위험","1","물림이나 구멍 상처는 감염과 숨은 손상이 있을 수 있으므로 병원에서 확인받으세요.","127","100"
"125","외상/피부박리","피부 벗겨짐/깊은 조직 노출","[""피부 벗겨"", ""살이 벗겨"", ""피부박리"", ""살이 드러"", ""조직 보임"", ""피부 들김""]","피부가 크게 벗겨졌거나 깊은 조직이 보이는 손상이 언급된 경우","위험","1","깊은 조직이 보이면 깨끗한 드레싱으로 보호하고 즉시 병원으로 이동하세요.","128","100"
"126","외상/관통상","관통 이물질/가슴·배 상처","[""막대 박힘"", ""유리 박힘"", ""화살"", ""가슴에 박"", ""배에 박"", ""복부 상처"", ""관통"", ""빼도 돼""]","두부·가슴·복부 관통 이물 또는 제거 여부를 묻는 경우","위험","1","박힌 물체는 빼지 말고 흔들리지 않게 지지한 뒤 즉시 병원으로 이동하세요.","129","100"
"127","부상/주의","발톱 출혈/가벼운 멍/곤충쏘임","[""발톱 부러"", ""발톱 피"", ""멍"", ""벌에 물"", ""벌 쏘"", ""부음"", ""절뚝""]","발톱 출혈, 경미한 멍/타박, 국소적인 곤충 쏘임이 있고 호흡곤란·머리/목 부종이 없는 경우","주의","0","활동을 제한하고 부기·통증·절뚝임을 관찰하세요. 머리/목 부종이나 호흡곤란이 있으면 즉시 병원에 연락하세요.","130","45"
"128","외상/상처관리","상처 소독제 사용 금지","[""알코올"", ""과산화수소"", ""소독약"", ""비누"", ""샴푸"", ""티트리"", ""상처에 발라"", ""상처 소독""]","상처에 알코올, 과산화수소, 비누, 허브 제품 등을 사용하려는 경우","주의","0","상처는 물 또는 식염수로만 부드럽게 씻고, 알코올·과산화수소·비누·티트리 오일 등은 수의사 지시 없이 사용하지 마세요.","131","70"
"129","출혈/외상","출혈 10~15분 이상 지속/흉부·복부 상처","[""10분"", ""15분"", ""피 안 멈"", ""발바닥 찢"", ""피부 찢"", ""가슴 상처"", ""배 상처"", ""흉부 상처"", ""복부 상처""]","출혈이 10~15분 이상 멈추지 않거나 흉부·복부 상처, 숨쉴 때 공기 빠지는 소리, 깊은 이물질이 언급된 경우","위험","1","깨끗한 천으로 압박하고, 흉부/복부 상처나 멈추지 않는 출혈은 즉시 응급병원으로 이동하세요.","132","100"
