"id","category","symptom_keyword","condition_text","action_text","do_not_action","source_title","source_org","source_url","source_type"
"1","공통 응급처치","응급","응급 상황에서는 보호자 응급처치만으로 해결하려 하지 말고 동물병원 진료를 우선해야 한다.","응급 상황이면 가까운 동물병원으로 이동하고, 이동 중 필요하면 병원에 연락해 안내를 받는다.","응급처치만으로 해결하려 하거나 수의학 진료를 미루지 않는다.","First Aid Tips for Pet Owners","AVMA","https://www.avma.org/resources-tools/pet-owners/emergencycare/first-aid-tips-pet-owners","전문기관"
"2","부상/안전","부상","부상 반려견을 다룰 때 보호자 안전을 먼저 확보해야 한다.","얼굴을 반려견 입 가까이 두지 않고, 가능하면 다른 사람의 도움을 받아 이동한다.","부상 반려견을 끌어안거나 얼굴을 입 가까이 대지 않는다. 구토 중인 반려견에게 입마개를 하지 않는다.","First Aid Tips for Pet Owners","AVMA","https://www.avma.org/resources-tools/pet-owners/emergencycare/first-aid-tips-pet-owners","전문기관"
"3","중독","독성","독성 물질 섭취/접촉 또는 신경·호흡 증상이 동반되면 즉시 병원/독성 상담 기관 연락 대상이다.","물질명, 노출량, 경과 시간, 증상, 반려견 기본정보를 준비해 즉시 연락한다.","수의사 지시 없이 임의로 구토를 유도하거나 해독제를 사용하지 않는다.","First Aid Tips for Pet Owners","AVMA","https://www.avma.org/resources-tools/pet-owners/emergencycare/first-aid-tips-pet-owners","전문기관"
"4","중독","수의사 전달","수의사 전달용 PDF에는 반려견 정보, 증상, 물질명, 노출량, 경과 시간, 제품 포장 여부를 포함해야 한다.","기본 정보와 노출 정보를 정리하고, 가능하면 포장지/용기와 구토물·씹은 물질을 밀봉해 가져간다.","불확실한 노출량이나 시간을 추측해 확정값처럼 쓰지 않는다.","First Aid Tips for Pet Owners","AVMA","https://www.avma.org/resources-tools/pet-owners/emergencycare/first-aid-tips-pet-owners","전문기관"
"5","외상","골절","골절·심한 절뚝거림은 안정화 후 병원 이동이 필요한 상황이다.","가능하면 평평한 곳에 눕혀 지지하고, 이동 중 움직임을 줄여 병원으로 간다.","확신 없이 부목이나 붕대를 잘못 적용하지 않는다.","First Aid Tips for Pet Owners","AVMA","https://www.avma.org/resources-tools/pet-owners/emergencycare/first-aid-tips-pet-owners","전문기관"
"6","출혈","코피","내부 출혈 의심 징후는 즉시 병원 방문 대상이다.","따뜻하고 조용하게 유지하며 가장 가까운 동물병원으로 즉시 이동한다.","상태를 지켜보며 지연하지 않는다.","First Aid Tips for Pet Owners","AVMA","https://www.avma.org/resources-tools/pet-owners/emergencycare/first-aid-tips-pet-owners","전문기관"
"7","출혈","피","심한 외부 출혈은 압박 후 즉시 병원 이동 대상이다.","깨끗한 천으로 직접 압박하고, 심하면 병원으로 즉시 이동한다.","피가 밴 천을 제거하지 말고 위에 덧대며, 지혈 여부를 너무 자주 확인하지 않는다.","First Aid Tips for Pet Owners","AVMA","https://www.avma.org/resources-tools/pet-owners/emergencycare/first-aid-tips-pet-owners","전문기관"
"8","화상","화상","화상은 통증과 악화 가능성이 있어 즉시 진료 권장 상황이다.","상온의 물로 식히고 젖은 수건으로 덮은 뒤 병원으로 이동한다.","차가운 얼음물이나 자극적인 처치를 임의로 하지 않는다.","First Aid Tips for Pet Owners","AVMA","https://www.avma.org/resources-tools/pet-owners/emergencycare/first-aid-tips-pet-owners","전문기관"
"9","눈","눈","눈 부상이나 눈 이물질은 빠르게 악화될 수 있어 즉시 진료 권장 상황이다.","가능하면 식염수로 부드럽게 씻고, 눈을 비비지 못하게 한 뒤 병원에 간다.","손가락이나 도구로 눈 속 물체를 잡아 빼려 하지 않는다.","First Aid Tips for Pet Owners","AVMA","https://www.avma.org/resources-tools/pet-owners/emergencycare/first-aid-tips-pet-owners","전문기관"
"10","교상/독","뱀","뱀에 물린 경우 즉시 병원 방문 대상이다.","가능하면 안전한 거리에서 사진을 찍고 즉시 병원으로 이동한다.","뱀을 잡거나 죽이려 하지 않고, 병원에 뱀을 가져가지 않는다.","First Aid Tips for Pet Owners","AVMA","https://www.avma.org/resources-tools/pet-owners/emergencycare/first-aid-tips-pet-owners","전문기관"
"11","열사병","열사병","더위 노출 후 심한 헐떡임, 침 흘림, 무기력, 구토/설사, 잇몸 이상은 열사병 위험으로 즉시 병원 권장 상황이다.","그늘/서늘한 실내로 옮기고 상온 물에 적신 수건을 목·겨드랑이·서혜부에 대며 병원으로 이동한다.","차갑거나 냉수 욕조에 담그지 않는다.","First Aid Tips for Pet Owners","AVMA","https://www.avma.org/resources-tools/pet-owners/emergencycare/first-aid-tips-pet-owners","전문기관"
"12","쇼크","쇼크","쇼크 의심 증상은 즉시 병원 방문 대상이다.","따뜻하고 조용하게 유지하며 즉시 가까운 동물병원으로 이동한다.","움직임을 과하게 만들거나 지연하지 않는다.","First Aid Tips for Pet Owners","AVMA","https://www.avma.org/resources-tools/pet-owners/emergencycare/first-aid-tips-pet-owners","전문기관"
"13","발작","발작","발작은 시간과 반복 여부 기록이 중요하며, 장시간/반복/지속 발작은 즉시 병원 대상이다.","주변 위험물을 치우고 발작 시간을 기록한 뒤 병원에 연락한다.","반려견을 억지로 붙잡거나 입 안/입 근처에 손을 넣지 않는다.","First Aid Tips for Pet Owners","AVMA","https://www.avma.org/resources-tools/pet-owners/emergencycare/first-aid-tips-pet-owners","전문기관"
"14","질식","질식","질식 의심 또는 푸른 입술/혀는 즉시 병원 권장 상황이다.","숨을 쉴 수 있으면 진정시키고 즉시 병원에 간다. 보이는 이물질만 조심히 확인한다.","이물질을 더 밀어 넣지 않도록 무리하게 손을 넣지 않는다.","First Aid Tips for Pet Owners","AVMA","https://www.avma.org/resources-tools/pet-owners/emergencycare/first-aid-tips-pet-owners","전문기관"
"15","호흡정지","호흡 안 함","호흡정지는 즉시 응급 처치와 병원 이동이 필요한 최상위 응급 상황이다.","침착하게 기도 확인 후 가능한 경우 구조호흡을 시작하고 즉시 병원으로 이동한다.","시간을 지체하거나 음식/물을 먹이지 않는다.","First Aid Tips for Pet Owners","AVMA","https://www.avma.org/resources-tools/pet-owners/emergencycare/first-aid-tips-pet-owners","전문기관"
"16","심정지","심장 안 뛰어","심박이 없거나 반응이 없는 경우 즉시 CPR 및 병원 이동이 필요한 최상위 응급 상황이다.","가능한 경우 구조호흡과 흉부압박을 시행하며 즉시 병원으로 이동한다.","병원 연락과 이동을 지연하지 않는다.","First Aid Tips for Pet Owners","AVMA","https://www.avma.org/resources-tools/pet-owners/emergencycare/first-aid-tips-pet-owners","전문기관"
"17","중독 공통","독성 물질","잠재적 독성 물질 섭취 또는 노출이 의심되면 섭취량과 시간을 기록하고 수의사 또는 ASPCA Poison Control에 연락해야 한다.","물질명, 제품명, 성분표, 섭취량, 노출 시간을 확인해 병원/독성 상담 기관에 연락한다.","증상이 없다는 이유로 경과 관찰만 하거나 임의 처치를 하지 않는다.","ASPCA Poison Control","ASPCA Animal Poison Control","https://www.aspca.org/pet-care/aspca-poison-control","전문기관"
"18","독성 식물","식물 섭취","ASPCA 식물 목록은 전신 영향 또는 강한 위장관 영향을 보고한 식물을 포함하며, 독성 식물 섭취 의심 시 병원/Poison Control 상담이 필요하다.","식물명/사진, 섭취 부위와 양, 시간을 확인해 병원에 문의한다.","식물명을 모르는 상태에서 안전하다고 단정하지 않는다.","Toxic and Non-Toxic Plants List","ASPCA Animal Poison Control","https://www.aspca.org/pet-care/aspca-poison-control/toxic-and-non-toxic-plants","전문기관"
"19","독성 식물","소철/사고야자","Sago Palm은 개에게 독성이 있으며 구토, 흑색변, 황달, 출혈성 위장염, 응고장애, 간 손상/부전, 사망 등이 보고된다.","섭취 의심 즉시 식물명/사진, 섭취량, 시간을 확인해 병원에 연락한다.","증상이 아직 없다고 기다리지 않는다.","Sago Palm","ASPCA Animal Poison Control","https://www.aspca.org/pet-care/aspca-poison-control/toxic-and-non-toxic-plants/sago-palm","전문기관"
"20","독성 식물","튤립","Tulip은 개에게 독성이 있으며 구토, 우울, 설사, 침흘림이 보고되고 구근에 독소 농도가 높다.","구근 섭취 여부와 양, 시간을 확인해 병원에 문의한다.","구근 섭취를 단순 위장장애로 단정하지 않는다.","Tulip","ASPCA Animal Poison Control","https://www.aspca.org/pet-care/aspca-poison-control/toxic-and-non-toxic-plants/tulip","전문기관"
"21","독성 식물","철쭉/진달래류","Azalea/Rhododendron은 개에게 독성이 있으며 구토, 설사, 쇠약, 심부전이 보고된다.","식물명/사진, 섭취량, 시간을 확인해 즉시 병원에 문의한다.","증상이 약해 보여도 독성 가능성을 낮게 보지 않는다.","Azalea","ASPCA Animal Poison Control","https://www.aspca.org/pet-care/aspca-poison-control/toxic-and-non-toxic-plants/azalea","전문기관"
"22","독성 식물","백합","ASPCA Lily 항목은 Lilium species를 고양이 독성으로 분류하고 개에게는 비독성으로 분류한다.","강아지 단독 섭취는 고위험으로 단정하지 않되, 반려묘 동거 또는 식물명 불확실 시 상담을 안내한다.","개에게도 무조건 고위험이라고 잘못 안내하지 않는다.","Lily","ASPCA Animal Poison Control","https://www.aspca.org/pet-care/aspca-poison-control/toxic-and-non-toxic-plants/lily","전문기관"
"23","위험 음식","사람 음식","ASPCA는 사람 음식 위험 목록을 제공하며, 해당 음식 섭취가 의심되면 섭취량을 기록하고 수의사 또는 Poison Control에 연락하라고 안내한다.","음식명, 섭취량, 섭취 시간을 확인해 병원/독성 상담 기관에 연락한다.","상태만 보고 안전하다고 단정하지 않는다.","People Foods to Avoid Feeding Your Pets","ASPCA Animal Poison Control","https://www.aspca.org/pet-care/aspca-poison-control/people-foods-avoid-feeding-your-pets","전문기관"
"24","위험 음식","알코올/생효모 반죽","알코올은 구토, 설사, 운동실조, 호흡곤란, 떨림, 혼수, 사망까지 유발할 수 있고, 생효모 반죽은 위장 팽창/꼬임 및 알코올 생성 문제가 있다.","섭취량과 시간을 확인해 즉시 병원에 연락한다.","수의사 지시 없이 구토 유도 등 임의 처치를 하지 않는다.","People Foods to Avoid Feeding Your Pets","ASPCA Animal Poison Control","https://www.aspca.org/pet-care/aspca-poison-control/people-foods-avoid-feeding-your-pets","전문기관"
"25","위험 음식","초콜릿/카페인","초콜릿·커피·카페인은 methylxanthine 관련 독성으로 구토, 설사, 헐떡임, 과활동, 부정맥, 떨림, 발작, 사망까지 가능하다.","종류(다크/베이킹/코코아 등), 양, 시간을 확인해 병원에 연락한다.","초콜릿 종류와 양을 모른 채 안전하다고 단정하지 않는다.","People Foods to Avoid Feeding Your Pets","ASPCA Animal Poison Control","https://www.aspca.org/pet-care/aspca-poison-control/people-foods-avoid-feeding-your-pets","전문기관"
"26","위험 음식","포도/건포도","포도와 건포도 노출은 개에서 신장 손상으로 이어질 수 있다고 안내된다.","섭취 개수/양, 시간을 확인해 즉시 병원에 연락한다.","소량이라고 임의로 안전 판단하지 않는다.","People Foods to Avoid Feeding Your Pets","ASPCA Animal Poison Control","https://www.aspca.org/pet-care/aspca-poison-control/people-foods-avoid-feeding-your-pets","전문기관"
"27","위험 음식","양파/마늘/부추","Allium류는 위장 자극과 적혈구 손상을 일으킬 수 있고, 개도 섭취량에 따라 위험하다.","음식에 들어간 양과 조리 형태를 확인해 병원에 문의한다.","조리된 양파/마늘은 괜찮다고 단정하지 않는다.","People Foods to Avoid Feeding Your Pets","ASPCA Animal Poison Control","https://www.aspca.org/pet-care/aspca-poison-control/people-foods-avoid-feeding-your-pets","전문기관"
"28","위험 음식","자일리톨","자일리톨은 저혈당과 간 손상을 유발할 수 있고, 구토·무기력·운동실조에서 발작으로 진행할 수 있다.","제품명, 성분표, 섭취량, 시간을 확인해 즉시 병원에 연락한다.","증상이 없다고 기다리지 않는다.","People Foods to Avoid Feeding Your Pets","ASPCA Animal Poison Control","https://www.aspca.org/pet-care/aspca-poison-control/people-foods-avoid-feeding-your-pets","전문기관"
"29","위험 음식","마카다미아","마카다미아는 개에서 쇠약, 운동실조, 우울, 구토, 떨림, 고체온을 유발할 수 있다.","섭취량과 시간을 확인하고 증상 발생 여부를 관찰해 병원에 문의한다.","일반 견과류와 동일하게 가볍게 안내하지 않는다.","People Foods to Avoid Feeding Your Pets","ASPCA Animal Poison Control","https://www.aspca.org/pet-care/aspca-poison-control/people-foods-avoid-feeding-your-pets","전문기관"
"30","위험 음식","소금/고염분","과도한 염분 섭취는 구토, 설사, 우울, 떨림, 발작, 사망까지 유발할 수 있다.","섭취량과 음식/제품 종류를 확인해 병원에 문의한다.","물을 억지로 과량 먹이는 등 임의 처치를 하지 않는다.","People Foods to Avoid Feeding Your Pets","ASPCA Animal Poison Control","https://www.aspca.org/pet-care/aspca-poison-control/people-foods-avoid-feeding-your-pets","전문기관"
"31","위험 음식","생고기/뼈","Raw meat/eggs는 세균 위험이 있고, 뼈 섭취는 위장관 손상 또는 폐색으로 수술이 필요할 수 있다.","무엇을 먹었는지, 뼈 여부, 섭취량과 시간을 확인해 병원에 문의한다.","뼈 섭취를 자연스럽거나 안전하다고 안내하지 않는다.","People Foods to Avoid Feeding Your Pets","ASPCA Animal Poison Control","https://www.aspca.org/pet-care/aspca-poison-control/people-foods-avoid-feeding-your-pets","전문기관"
"32","주의 음식","유제품/견과류/지방식","유제품은 설사나 소화기 문제를 유발할 수 있고, 고지방 견과류/음식은 구토·설사 및 일부에서 췌장염 우려가 있다.","섭취량과 증상을 확인하고 반복 구토/설사 또는 무기력 동반 시 병원에 문의한다.","증상 악화 시 단순 배탈로만 판단하지 않는다.","People Foods to Avoid Feeding Your Pets","ASPCA Animal Poison Control","https://www.aspca.org/pet-care/aspca-poison-control/people-foods-avoid-feeding-your-pets","전문기관"
"33","가정용품 중독","생활용품","가정용품 독성 가이드는 일반 정보일 뿐이며, 독성 노출 의심 시 수의사 또는 Poison Control에 즉시 연락하라고 안내한다.","제품명/성분표, 노출 경로, 노출량, 시간을 확인해 병원/독성 상담 기관에 연락한다.","일반 정보만으로 안전 여부를 자체 판단하지 않는다.","Poisonous Household Products","ASPCA Animal Poison Control","https://www.aspca.org/pet-care/aspca-poison-control/poisonous-household-products","전문기관"
"34","가정용품 중독","표백제","희석하지 않은 표백제 섭취는 입과 식도 손상을 유발할 수 있으며 고농도 또는 높은 pH에서 우려가 커진다.","제품 농도와 노출 경로를 확인해 병원에 연락한다.","임의로 중화시키거나 억지로 토하게 하지 않는다.","Poisonous Household Products","ASPCA Animal Poison Control","https://www.aspca.org/pet-care/aspca-poison-control/poisonous-household-products","전문기관"
"35","가정용품 중독","치약/자일리톨","치약은 fluoride 또는 xylitol을 포함할 수 있고, 자일리톨은 저혈당 또는 간 손상을 일으킬 수 있다.","치약 제품명/성분표/섭취량을 확인해 병원에 연락한다.","자일리톨 함유 가능성을 확인하지 않고 안전하다고 안내하지 않는다.","Poisonous Household Products","ASPCA Animal Poison Control","https://www.aspca.org/pet-care/aspca-poison-control/poisonous-household-products","전문기관"
"36","가정용품 중독","세탁세제/드라이어시트","세탁세제/캡슐세제는 위장 장애와 입·목 자극을 유발할 수 있고, 드라이어 시트/섬유유연제는 화학 화상·궤양 및 이물 폐색 위험이 있다.","제품명/성분표/섭취량/시간을 확인해 병원에 연락한다.","물을 억지로 먹이거나 구토 유도하지 않는다.","Poisonous Household Products","ASPCA Animal Poison Control","https://www.aspca.org/pet-care/aspca-poison-control/poisonous-household-products","전문기관"
"37","가정용품 중독","화장품/포장재","일부 화장품은 가벼운 위장장애를 유발할 수 있으나, 플라스틱 포장 섭취는 위장관 이물 폐색으로 응급 상황이 될 수 있다.","화장품 자체와 포장재 섭취 여부를 확인해 병원에 문의한다.","포장재를 삼킨 경우 단순 위장장애로만 보지 않는다.","Poisonous Household Products","ASPCA Animal Poison Control","https://www.aspca.org/pet-care/aspca-poison-control/poisonous-household-products","전문기관"
"38","열사병/계절성","더위/열사병","더위 노출 후 과도한 헐떡임, 호흡곤란, 침흘림, 쇠약, 혼미/쓰러짐, 발작, 혈변/구토, 104°F 이상 체온은 과열 증상으로 제시된다.","시원한 곳으로 이동하고 즉시 병원에 연락한다.","주차된 차 안에 두거나 뜨거운 아스팔트 산책을 지속하지 않는다.","Hot Weather Safety Tips","ASPCA Animal Poison Control","https://www.aspca.org/pet-care/general-pet-care/hot-weather-safety-tips","전문기관"
"39","계절성 위험","명절 음식/장식","Holiday Safety Tips는 지방·단·매운 음식, 뼈, 알코올, 전선·배터리·장식, 독성 식물, 틴셀, 스노우글로브, 제설제/소금반죽, 약물 등을 위험 요소로 제시한다.","무엇을 먹거나 씹었는지 제품/사진을 확인하고 병원에 문의한다.","뼈/틴셀/배터리/스노우글로브 노출을 단순 장난으로 보지 않는다.","Holiday Safety Tips","ASPCA Animal Poison Control","https://www.aspca.org/pet-care/general-pet-care/holiday-safety-tips","전문기관"
"40","계절성 위험","할로윈 사탕/소품","할로윈 사탕 중 초콜릿과 자일리톨 함유 무설탕 사탕은 위험할 수 있고, 소품/의상 장식은 질식 또는 플라스틱 섭취 위험이 있다.","사탕 종류, 포장지, 섭취량과 시간을 확인해 병원에 연락한다.","사탕 포장지나 장식 삼킴을 대수롭지 않게 넘기지 않는다.","Halloween Safety Tips","ASPCA Animal Poison Control","https://www.aspca.org/pet-care/general-pet-care/halloween-safety-tips","전문기관"
"41","계절성/음식 위험","추수감사절 음식","Thanksgiving Safety Tips는 생/덜 익힌 고기, 가금류 뼈, 양파/마늘, 고염분 육수 큐브, 생효모 반죽, raw eggs, xylitol, 초콜릿 등을 위험 요소로 제시한다.","음식 재료와 조리 상태, 뼈 여부, 섭취량, 시간을 확인한다.","양념된 음식, 뼈, 생반죽, 자일리톨 디저트를 소량이라고 안전하게 안내하지 않는다.","Thanksgiving Safety Tips","ASPCA Animal Poison Control","https://www.aspca.org/pet-care/general-pet-care/thanksgiving-safety-tips","전문기관"
"42","중독 증상","중독","구토·설사·침흘림·식욕부진 등은 중독 가능성 신호로 분류하고, 독성 물질 노출 의심이 함께 있으면 위험도를 높인다.","노출 물질, 증상, 시간, 체중을 정리해 수의사 또는 독성 상담 기관에 연락한다.","증상만 보고 괜찮다고 단정하지 않는다.","Signs And Symptoms of Pet Poisoning","Pet Poison Helpline","https://www.petpoisonhelpline.com/pet-owners/basics/signs-of-poisoning-in-dogs-and-cats/","전문기관"
"43","중독/내출혈","피토","피 토함·창백한 잇몸·쓰러짐 등은 중독성 내출혈 가능성이 있는 응급 신호로 분류한다.","즉시 동물병원 또는 응급병원에 연락하고 방문 준비를 한다.","집에서 경과만 관찰하거나 임의 처치를 하지 않는다.","Signs And Symptoms of Pet Poisoning","Pet Poison Helpline","https://www.petpoisonhelpline.com/pet-owners/basics/signs-of-poisoning-in-dogs-and-cats/","전문기관"
"44","중독/신장","신장","포도/건포도·부동액 등 신장 독성 가능 물질과 함께 구토·갈증 증가·배뇨 변화가 있으면 위험 신호로 분류한다.","섭취 물질과 증상을 정리해 즉시 수의사 상담을 받는다.","배뇨 변화가 있어도 단순 컨디션 저하로 단정하지 않는다.","Signs And Symptoms of Pet Poisoning","Pet Poison Helpline","https://www.petpoisonhelpline.com/pet-owners/basics/signs-of-poisoning-in-dogs-and-cats/","전문기관"
"45","중독/간","황달","황달, 검은 변, 이상 행동, 쓰러짐이 독성 노출과 함께 있으면 위험 신호로 분류한다.","즉시 병원에 연락하고 노출 물질과 시간을 전달한다.","진단명처럼 단정하지 않고 중독 가능성/응급 상담 필요로 안내한다.","Signs And Symptoms of Pet Poisoning","Pet Poison Helpline","https://www.petpoisonhelpline.com/pet-owners/basics/signs-of-poisoning-in-dogs-and-cats/","전문기관"
"46","중독 응급 준비","응급키트","응급 상황에 대비해 병원 연락처, 기본 정보, 정상값/현재 증상, 이동 준비 정보를 미리 정리해 둘 수 있다.","응급 상황 전 병원/상담 연락처와 기본 진료 정보를 준비한다.","응급 키트만 믿고 전문 상담 없이 처치를 시작하지 않는다.","Create a Pet Poison First Aid Kit","Pet Poison Helpline","https://www.petpoisonhelpline.com/pet-owners/basics/pet-poison-first-aid-kit/","전문기관"
"47","중독/임의처치 금지","과산화수소","독성 노출 의심 시 수의사 지시 없이 구토 유도, 사람 약 투여, 민간요법을 시도하지 않도록 안내한다.","즉시 수의사/독성 상담 기관에 연락해 지시에 따른다.","수의사 지시 없이 과산화수소, 사람 약, 우유, 소금, 식용유 등 민간요법을 사용하지 않는다.","Create a Pet Poison First Aid Kit","Pet Poison Helpline","https://www.petpoisonhelpline.com/pet-owners/basics/pet-poison-first-aid-kit/","전문기관"
"48","중독/대표 독소","초콜릿","초콜릿, 포도, 자일리톨 등은 반려견에게 중독 위험이 큰 대표 물질로 알려져 있어 섭취가 의심되면 빠른 확인이 필요하다.","의심 물질이 있으면 포장/라벨과 섭취량, 시간을 확보해 병원에 전달한다.","물질을 정확히 확인하지 않은 채 집에서 경과만 관찰하지 않는다.","Top 10 Pet Poisons","Pet Poison Helpline","https://www.petpoisonhelpline.com/pet-owners/basics/top-10-pet-poisons/","전문기관"
"49","식물 중독","백합","위험 식물 섭취 의심 시 식물명/사진을 확보하고 병원 상담 대상으로 분류한다.","가능하면 식물 사진이나 잎/꽃 일부를 안전하게 확보해 병원에 전달한다.","정확한 식물명을 모른다고 방치하지 않는다.","Top 10 Plants Poisonous to Pets","Pet Poison Helpline","https://www.petpoisonhelpline.com/pet-owners/basics/top-10-plants-poisonous-to-pets/","전문기관"
"50","약물 중독","이부프로펜","사람 약 복용/섭취는 약물명·용량·시간을 정리해 즉시 상담해야 하는 위험 항목으로 분류한다.","약 포장/처방전/성분명을 준비해 즉시 병원 또는 상담 기관에 연락한다.","사람 약을 반려동물에게 임의 투여하지 않는다.","Top 10 Human Medications Poisonous to Pets","Pet Poison Helpline","https://www.petpoisonhelpline.com/pet-owners/basics/top-10-human-medications-poisonous-to-pets/","전문기관"
"51","계절/봄 식물","튤립","봄철 구근 식물 섭취는 식물명과 섭취 부위를 확인해 상담 대상으로 분류한다.","구근/식물명과 섭취량, 증상을 정리해 병원에 문의한다.","구근 섭취를 단순 풀 섭취로 판단하지 않는다.","Spring Pet Poisons","Pet Poison Helpline","https://www.petpoisonhelpline.com/pet-owners/seasons/spring/","전문기관"
"52","계절/봄 식물","수선화","수선화 섭취는 위험 식물 섭취로 분류하고 병원 상담을 권장한다.","식물명/사진과 섭취 시간을 정리해 병원에 연락한다.","증상이 없다고 안전하다고 단정하지 않는다.","Spring Pet Poisons","Pet Poison Helpline","https://www.petpoisonhelpline.com/pet-owners/seasons/spring/","전문기관"
"53","계절/겨울 명절","명절","명절 음식이나 장식품은 성분과 포장재에 따라 중독 또는 이물 섭취 위험이 생길 수 있다.","먹은 항목, 제품명, 양, 시간을 정리해 병원에 전달한다.","장식품이나 음식 포장만 보고 안전하다고 판단하지 않는다.","Winter Holiday Pet Poison Tips","Pet Poison Helpline","https://www.petpoisonhelpline.com/pet-owners/seasons/winter-holiday-pet-poison-tips/","전문기관"
"54","계절/여름 중독","여름","여름철 야외 활동 중 독성 물질에 노출되면 물질명과 섭취 시간을 빠르게 확인하는 것이 중요하다.","제품명/성분표, 노출량, 증상을 정리해 병원에 전달한다.","민간요법이나 임의 구토 유도를 하지 않는다.","Summer Pet Poisons","Pet Poison Helpline","https://www.petpoisonhelpline.com/pet-owners/seasons/summer-pet-poisons/","전문기관"
"55","계절/여름 염분","바닷물","바닷물 과다 섭취 후 구토/설사/비틀거림/발작은 위험 신호로 분류한다.","깨끗한 물을 제공하고 증상이 있으면 즉시 병원에 연락한다.","소금물 섭취를 단순 갈증으로 가볍게 보지 않는다.","Summer Pet Poisons","Pet Poison Helpline","https://www.petpoisonhelpline.com/pet-owners/seasons/summer-pet-poisons/","전문기관"
"56","계절/가을 중독","버섯","정체를 알 수 없는 버섯 섭취는 중독 위험이 있어 빠른 병원 상담이 권장된다.","가능하면 버섯 사진/샘플을 준비하고 병원에 연락한다.","버섯 종류를 임의로 판단해 안전하다고 하지 않는다.","Fall Toxins Poisonous to Dogs & Cats","Pet Poison Helpline","https://www.petpoisonhelpline.com/pet-owners/seasons/fall-toxins-poisonous-to-dogs-cats/","전문기관"
"57","계절/가을 중독","부동액","부동액/ethylene glycol 노출은 즉시 병원 방문이 필요한 매우 위험한 상황이다.","제품명/노출량/시간을 정리해 즉시 병원으로 이동한다.","증상이 나아지는 듯해도 안전하다고 판단하지 않는다.","Fall Toxins Poisonous to Dogs & Cats","Pet Poison Helpline","https://www.petpoisonhelpline.com/pet-owners/seasons/fall-toxins-poisonous-to-dogs-cats/","전문기관"
"58","계절/할로윈 음식","할로윈","할로윈 사탕, 초콜릿, 건포도, 포장지는 중독이나 이물 섭취 위험으로 이어질 수 있어 섭취 여부 확인이 중요하다.","섭취 음식과 포장지 포함 여부, 양, 시간을 확인해 병원에 전달한다.","포장지를 삼켰을 가능성을 무시하지 않는다.","Halloween Dangers to Dogs & Cats","Pet Poison Helpline","https://www.petpoisonhelpline.com/pet-owners/seasons/halloween/","전문기관"
"59","주방/식품 중독","초콜릿","초콜릿, 포도, 자일리톨 같은 일부 주방 식품은 반려견에게 중독 위험이 있을 수 있다.","식품명, 양, 섭취 시간, 증상을 확인해 병원에 문의한다.","수의사 상담 없이 구토 유도나 가정요법을 하지 않는다.","Top 10 Kitchen Toxins","Pet Poison Helpline","https://www.petpoisonhelpline.com/pet-owners/poison-proof-your-home/kitchen/","전문기관"
"60","공간/욕실","욕실","욕실 약물·청소제품 노출은 물질명과 성분을 확인해 상담 대상으로 분류한다.","제품명/성분표, 양, 시간, 증상을 정리해 연락한다.","사람 약을 임의로 투여하거나 청소제품 노출 후 임의 처치하지 않는다.","How to Poison Proof Your Bathroom","Pet Poison Helpline","https://www.petpoisonhelpline.com/pet-owners/poison-proof-your-home/bathroom/","전문기관"
"61","공간/거실","거실","거실의 식물, 향제품, 니코틴, 배터리, 가방 속 물품은 반려견에게 노출 위험이 될 수 있다.","노출 물질을 확인하고 제품/사진을 준비해 문의한다.","새 주변에 에어로졸을 뿌리거나 배터리 섭취를 단순 이물질로만 보지 않는다.","How to Poison Proof Your Living Room","Pet Poison Helpline","https://www.petpoisonhelpline.com/pet-owners/poison-proof-your-home/living-room/","전문기관"
"62","공간/세탁/다용도실","세탁세제","세탁세제나 표백 제품은 화학물질 노출 위험이 있어 제품명과 노출 경로 확인이 필요하다.","제품명/성분표, 노출 경로, 증상을 정리해 즉시 상담한다.","노출 직후 괜찮아 보여도 안전하다고 단정하지 않는다.","How to Poison Proof Your Utility Room","Pet Poison Helpline","https://www.petpoisonhelpline.com/pet-owners/poison-proof-your-home/utility-room/","전문기관"
"63","공간/차고","차고","차고의 자동차 제품, 특히 부동액 등은 반려견에게 매우 위험할 수 있다.","제품명/성분표와 노출량, 시간을 확인해 즉시 병원에 연락한다.","흘린 부동액을 방치하거나 증상 관찰만 하지 않는다.","How to Poison Proof Your Garage","Pet Poison Helpline","https://www.petpoisonhelpline.com/pet-owners/poison-proof-your-home/garage/","전문기관"
"64","공간/마당/정원","마당","마당이나 정원의 식물, 비료, 살충제, 제초제, 퇴비와 멀치는 섭취 시 위험할 수 있다.","식물/제품명, 사진, 성분표, 섭취량, 시간을 정리해 상담한다.","식물명을 모른다고 임의 판단하지 않는다.","How to Poison Proof Your Yard and Garden","Pet Poison Helpline","https://www.petpoisonhelpline.com/pet-owners/poison-proof-your-home/yard-and-garden/","전문기관"
"65","호흡곤란","호흡곤란","빠른 호흡, 청색 잇몸/주둥이, 복부 힘을 주는 호흡, 머리·목을 뻗는 자세, 쌕쌕거림, 약화/쓰러짐은 호흡곤란 위험 신호로 볼 수 있다.","가까운 응급 동물병원으로 신속히 이동하고 가능하면 미리 전화한다. 차 안은 시원하게 유지하고 반려견을 침착하게 한다.","더위·흥분·무리한 이동으로 호흡 부담을 악화시키지 않는다.","Recognizing and responding to canine respiratory distress","Cornell Richard P. Riney Canine Health Center","https://www.vet.cornell.edu/departments-centers-and-institutes/riney-canine-health-center/canine-health-topics/recognizing-and-responding-canine-respiratory-distress","전문기관"
"66","호흡곤란","호흡 이상 불확실","호흡곤란인지 확신하기 어렵더라도 조기 도움 요청이 합병증 예방과 치료 효과에 도움이 될 수 있다.","불확실한 호흡 이상은 수의사, 응급병원 또는 veterinary triage 상담을 권장한다.","불확실하다는 이유로 장시간 자가 관찰만 하지 않는다.","Recognizing and responding to canine respiratory distress","Cornell Richard P. Riney Canine Health Center","https://www.vet.cornell.edu/departments-centers-and-institutes/riney-canine-health-center/canine-health-topics/recognizing-and-responding-canine-respiratory-distress","전문기관"
"67","중독","독성 물질 섭취","독성 물질 섭취가 의심되면 물질명, 브랜드명, 성분, 섭취량, 섭취 시간, 반려견 체중이 응급 상담에 중요하다.","제품 포장지와 섭취 정보를 준비해 즉시 수의사 또는 응급병원에 연락한다.","수의사/독성상담 지시 없이 임의 구토 유도나 해독제를 사용하지 않는다.","First-aid for poisonous substances","Cornell Richard P. Riney Canine Health Center","https://www.vet.cornell.edu/departments-centers-and-institutes/riney-canine-health-center/canine-health-topics/first-aid-poisonous-substances","전문기관"
"68","중독","중독 증상","무기력, 식욕저하, 구토, 황달, 혈변은 중독 가능성을 의심할 수 있는 증상이며 급격히 악화되면 즉시 진료가 필요하다.","독성 노출 가능성과 증상이 함께 있으면 즉시 병원 또는 독성상담 기관에 연락한다.","증상이 심하거나 빠르게 악화되는데도 기다리지 않는다.","First-aid for poisonous substances","Cornell Richard P. Riney Canine Health Center","https://www.vet.cornell.edu/departments-centers-and-institutes/riney-canine-health-center/canine-health-topics/first-aid-poisonous-substances","전문기관"
"69","중독/음식","초콜릿","초콜릿 독성은 개의 크기, 초콜릿 종류, 섭취량에 따라 달라지며 어둡고 쓴 초콜릿일수록 위험이 높다.","초콜릿 종류, 양, 섭취 시간, 체중을 확인해 응급 수의사에게 즉시 연락한다.","작은 양이라도 안전하다고 단정하지 않는다.","Chocolate toxicity: What should I do if my dog eats chocolate?","Cornell Richard P. Riney Canine Health Center","https://www.vet.cornell.edu/departments-centers-and-institutes/riney-canine-health-center/canine-health-topics/chocolate-toxicity-what-should-i-do-if-my-dog-eats-chocolate","전문기관"
"70","중독/음식","초콜릿 증상","초콜릿 섭취 후 2~12시간 내 구토, 설사, 빠른 호흡, 심박 이상, 떨림, 발작, 혼수 등이 나타날 수 있다.","증상 발생 시간과 양상을 기록해 병원에 전달한다.","증상이 아직 없다고 장시간 안심하지 않는다.","Chocolate toxicity: What should I do if my dog eats chocolate?","Cornell Richard P. Riney Canine Health Center","https://www.vet.cornell.edu/departments-centers-and-institutes/riney-canine-health-center/canine-health-topics/chocolate-toxicity-what-should-i-do-if-my-dog-eats-chocolate","전문기관"
"71","감염/응급","렙토스피라","렙토스피라는 간과 신장 등 장기에 영향을 줄 수 있고 중증에서는 생명을 위협할 수 있으며, 발열·구토·설사·무기력·황달·호흡곤란 등이 나타날 수 있다.","오염된 물/흙, 야생동물/쥐 노출 여부와 증상을 정리해 병원에 문의한다.","노출 의심과 전신 증상이 있는데도 단순 소화기 증상으로만 넘기지 않는다.","Canine leptospirosis","Cornell Richard P. Riney Canine Health Center","https://www.vet.cornell.edu/departments-centers-and-institutes/riney-canine-health-center/canine-health-topics/canine-leptospirosis","전문기관"
"72","감염/보호자 안전","렙토스피라 인수공통","렙토스피라는 사람에게도 전파될 수 있어 소변 취급 시 장갑 착용과 손씻기가 필요하다.","의심 환자의 소변·오염물 접촉을 피하고 병원에 노출 가능성을 알린다.","소변을 맨손으로 만지거나 위생 조치를 생략하지 않는다.","Canine leptospirosis","Cornell Richard P. Riney Canine Health Center","https://www.vet.cornell.edu/departments-centers-and-institutes/riney-canine-health-center/canine-health-topics/canine-leptospirosis","전문기관"
"73","이물질/장폐색","위장관 이물질 폐쇄","이물질이 위장관을 막으면 정상적인 음식·배설물 이동이 차단되어 심각한 합병증이 생기며 많은 경우 수술이 필요한 응급 상황이다.","삼킨 물체 종류, 크기, 시간, 구토/복통/식욕저하/무기력 여부를 정리해 즉시 병원에 문의한다.","임의로 토하게 하거나 보이는 끈/이물질을 잡아당기지 않는다.","Gastrointestinal foreign body obstruction in dogs","Cornell Richard P. Riney Canine Health Center","https://www.vet.cornell.edu/departments-centers-and-institutes/riney-canine-health-center/canine-health-topics/gastrointestinal-foreign-body-obstruction-dogs","전문기관"
"74","이물질/장폐색","선형 이물질","끈·리본 같은 선형 이물질은 장 천공, 복막염, 패혈증 등 생명을 위협하는 합병증 위험을 높일 수 있다.","끈/리본 섭취 의심 시 즉시 병원에 문의하고 길이·섭취 시간을 전달한다.","입이나 항문에 보이는 끈을 잡아당기지 않는다.","Gastrointestinal foreign body obstruction in dogs","Cornell Richard P. Riney Canine Health Center","https://www.vet.cornell.edu/departments-centers-and-institutes/riney-canine-health-center/canine-health-topics/gastrointestinal-foreign-body-obstruction-dogs","전문기관"
"75","생식기/응급","자궁축농증","중성화하지 않은 암컷에서 질 분비물과 무기력, 식욕저하, 구토, 갈증/배뇨 증가, 복부팽만, 발열, 창백한 잇몸, 허약/붕괴가 동반되면 생명을 위협하는 자궁 감염 가능성이 있어 응급 진료가 필요하다.","중성화 여부, 최근 발정 이력, 질 분비물 색/양, 전신 증상을 정리해 즉시 병원에 문의한다.","질 분비물이나 무기력을 단순 컨디션 저하로 보고 지연하지 않는다.","Pyometra","Cornell Richard P. Riney Canine Health Center","https://www.vet.cornell.edu/departments-centers-and-institutes/riney-canine-health-center/canine-health-topics/pyometra","전문기관"
"76","소화기/응급","위확장염전/GDV","GDV는 위가 팽창하고 꼬이는 생명 위협 질환으로 즉시 내과·외과 처치가 필요하며, 헛구역질, 과도한 침흘림, 복부팽만, 복통, 안절부절, 창백한 잇몸, 허약/붕괴가 흔한 신호다.","즉시 응급 동물병원으로 이동한다. 품종, 식사 시간, 운동 여부, 증상 시작 시간을 전달한다.","집에서 경과 관찰하거나 음식/물을 먹이며 기다리지 않는다.","Gastric dilatation volvulus (GDV) or bloat","Cornell Richard P. Riney Canine Health Center","https://www.vet.cornell.edu/departments-centers-and-institutes/riney-canine-health-center/canine-health-topics/gastric-dilatation-volvulus-gdv-or-bloat","전문기관"
"77","호흡/주의","후두마비 경미 증상","후두마비는 호흡곤란을 유발하며 초기에는 경미할 수 있으나, 거친 호흡, 과도한 헐떡임, 기침, 구역질, 운동/더위 불내성이 나타날 수 있다.","흥분·운동·더위 노출을 줄이고 반복되면 수의사 상담을 예약한다.","호흡 소리를 단순 노화로만 보고 방치하지 않는다.","Laryngeal paralysis","Cornell Richard P. Riney Canine Health Center","https://www.vet.cornell.edu/departments-centers-and-institutes/riney-canine-health-center/canine-health-topics/laryngeal-paralysis","전문기관"
"78","호흡/응급","후두마비 응급 악화","후두마비는 흥분, 스트레스, 운동, 더위·습도 노출로 갑자기 악화될 수 있으며 호흡곤란, 혀/잇몸 청색, 붕괴가 나타나면 응급 상황이다.","즉시 동물병원에 연락하고 더위와 흥분을 줄인 상태로 이동한다.","흥분시키거나 강한 운동을 시키지 않는다.","Laryngeal paralysis","Cornell Richard P. Riney Canine Health Center","https://www.vet.cornell.edu/departments-centers-and-institutes/riney-canine-health-center/canine-health-topics/laryngeal-paralysis","전문기관"
"79","감염/응급","파보바이러스","파보바이러스는 어린 미접종견에서 생명을 위협하는 구토, 설사, 탈수를 일으킬 수 있으며 초기에는 무기력, 식욕저하, 구토가 나타나고 이후 혈액/점액이 섞인 악취 설사로 진행할 수 있다.","나이, 백신 여부, 설사 양상, 구토/탈수 여부를 정리해 병원에 즉시 문의한다.","다른 강아지와 접촉시키거나 단순 장염으로만 보고 지연하지 않는다.","Parvovirus: Transmission to treatment","Cornell Richard P. Riney Canine Health Center","https://www.vet.cornell.edu/departments-centers-and-institutes/riney-canine-health-center/canine-health-topics/parvovirus-transmission-treatment","전문기관"
"80","신경/주의","발작 기록","전신 발작은 의식소실, 경직·팔다리 젓기, 과도한 침흘림, 이상 발성, 배뇨/배변 등을 포함할 수 있고, 수의사 상담을 위해 지속 시간과 전후 행동 기록이 중요하다.","주변 물건을 치우고 발작 지속 시간, 전후 행동, 영상 가능 여부를 기록한다.","입에 손이나 물건을 넣거나 억지로 붙잡지 않는다.","Idiopathic epilepsy in dogs","Cornell Richard P. Riney Canine Health Center","https://www.vet.cornell.edu/departments-centers-and-institutes/riney-canine-health-center/canine-health-topics/idiopathic-epilepsy-dogs","전문기관"
"81","신경/응급","발작 응급 기준","발작이 5분 이상 지속되거나 24시간 안에 여러 번 반복되는 경우는 의학적 응급 상황이며 생명을 위협할 수 있어 즉시 응급 수의사에게 가야 한다.","즉시 응급 동물병원으로 이동한다. 발작 시작 시간과 반복 횟수를 전달한다.","발작이 길어지거나 반복되는데 기다리지 않는다.","Idiopathic epilepsy in dogs","Cornell Richard P. Riney Canine Health Center","https://www.vet.cornell.edu/departments-centers-and-institutes/riney-canine-health-center/canine-health-topics/idiopathic-epilepsy-dogs","전문기관"
"82","소화기/주의","경미한 설사","대부분의 경미한 설사는 스스로 호전될 수 있으나, 설사가 하루이틀 이상 지속되면 수의사 상담이 필요할 수 있다. 새 사료 전환이나 음식 변화가 원인일 수 있다.","물을 충분히 제공하고, 새 사료 전환이 원인이라면 기존 식단으로 돌아가 천천히 전환한다.","수의사 지시 없이 사람용 지사제나 위장약을 먹이지 않는다.","Diarrhea","Cornell Richard P. Riney Canine Health Center","https://www.vet.cornell.edu/departments-centers-and-institutes/riney-canine-health-center/canine-health-topics/diarrhea","전문기관"
"83","소화기/응급","설사 위험 신호","검고 타르 같은 변, 혈변, 구토 동반, 지속적인 식욕부진, 48~72시간 이상 지속되는 설사는 수의학 진료가 필요하다.","대변 샘플을 준비하고 지속 시간, 구토 횟수, 식욕/활력 변화를 정리해 병원에 문의한다.","사람용 Pepto Bismol, Imodium 등을 임의로 먹이지 않는다.","Diarrhea","Cornell Richard P. Riney Canine Health Center","https://www.vet.cornell.edu/departments-centers-and-institutes/riney-canine-health-center/canine-health-topics/diarrhea","전문기관"
"84","열사병/주의","초기 과열","무거운 헐떡임, 그늘을 찾음, 낑낑거림, 놀기 싫어함, 침흘림은 더위 노출 후 과열의 초기 신호일 수 있다.","즉시 시원한 실내/그늘로 이동시키고 물을 제공하며, 시원한 물로 적셔 선풍기 바람을 쐬게 한다.","고온 환경에 계속 두거나 격한 운동을 지속하지 않는다. 얼음물/극단적 냉각은 피한다.","Summer heat safety tips for dogs","Cornell Richard P. Riney Canine Health Center","https://www.vet.cornell.edu/departments-centers-and-institutes/riney-canine-health-center/canine-health-topics/summer-heat-safety-tips-dogs","전문기관"
"85","열사병/응급","열사병 위험 신호","더위 노출 후 호흡곤란, 혈변성 설사, 구토, 허약, 혼란, 발작, 붕괴가 있으면 생명을 위협하는 열사병 신호일 수 있다.","냉각을 시작하면서 즉시 가까운 동물병원으로 이동한다.","상태가 좋아질 때까지 집에서만 기다리지 않는다.","Summer heat safety tips for dogs","Cornell Richard P. Riney Canine Health Center","https://www.vet.cornell.edu/departments-centers-and-institutes/riney-canine-health-center/canine-health-topics/summer-heat-safety-tips-dogs","전문기관"
"86","소화기/감염","지아르디아","Giardia는 분변 오염 물·흙·음식 등을 통해 감염될 수 있고, 급성 설사, 점액성·악취성 묽은 변, 복부 불편감이 흔한 신호이다.","대변 상태와 노출 가능성을 기록하고 수의사 상담/분변검사를 문의한다.","지속 증상을 단순 설사로만 보고 방치하지 않는다.","Giardia: Infection, treatment and prevention","Cornell Richard P. Riney Canine Health Center","https://www.vet.cornell.edu/departments-centers-and-institutes/riney-canine-health-center/canine-health-topics/giardia-infection-treatment-and-prevention","전문기관"
"87","감염/응급","디스템퍼 의심","Canine distemper virus는 전염성이 높고 잠재적으로 치명적이며, 어린 개와 미접종견이 특히 취약하다. 발열, 눈/코 분비물, 기침, 무기력, 구토, 설사, 식욕저하가 흔한 신호이다.","백신 여부와 증상을 정리해 빠르게 병원에 문의한다.","다른 개와 접촉시키거나 단순 감기/장염으로만 판단해 지연하지 않는다.","Canine distemper virus","Cornell Richard P. Riney Canine Health Center","https://www.vet.cornell.edu/departments-centers-and-institutes/riney-canine-health-center/canine-health-topics/canine-distemper-virus","전문기관"
"88","감염/응급","디스템퍼 신경증상","디스템퍼가 심한 경우 비틀거림, 근육 떨림, 발작, 마비 같은 신경 증상이 나타날 수 있다.","즉시 병원에 연락하고 증상 영상, 시작 시점, 백신 여부, 접촉 이력을 전달한다.","발작/마비 증상이 있는데 경과 관찰만 하지 않는다.","Canine distemper virus","Cornell Richard P. Riney Canine Health Center","https://www.vet.cornell.edu/departments-centers-and-institutes/riney-canine-health-center/canine-health-topics/canine-distemper-virus","전문기관"
"89","중독/응급","남조류 노출","남조류 독성은 생명을 위협할 수 있고 해독제가 없으며 빠르게 치명적일 수 있다. 구토, 설사, 허약, 창백한 잇몸, 붕괴, 침흘림, 떨림, 호흡곤란, 마비, 발작 등이 나타날 수 있다.","오염 의심 물에서 즉시 떼어내고, 털을 깨끗한 물로 헹군 뒤 즉시 병원에 연락/이동한다.","조류가 보이는 물을 마시게 하거나 수영시키지 않는다. 노출 후 증상이 없다고 방치하지 않는다.","Blue-green algae poisoning: Cyanobacteria toxicosis","Cornell Richard P. Riney Canine Health Center","https://www.vet.cornell.edu/departments-centers-and-institutes/riney-canine-health-center/canine-health-topics/blue-green-algae-poisoning-cyanobacteria-toxicosis","전문기관"
"90","중독/응급","물 중독","수영장이나 호수에서 물을 너무 많이 삼키면 전해질 희석으로 뇌부종, 발작, 신경 이상, 사망까지 이어질 수 있다.","물놀이를 중단하고 즉시 병원에 연락한다.","하루 종일 쉬지 않고 물놀이를 계속시키거나 증상이 있는데 추가로 물을 먹이지 않는다.","Summer safety tips","Cornell Richard P. Riney Canine Health Center","https://www.vet.cornell.edu/departments-centers-and-institutes/riney-canine-health-center/canine-health-topics/summer-safety-tips","전문기관"
"91","중독/응급","바닷물/소금물 중독","바닷물을 너무 많이 마시면 과도한 염분으로 근육 떨림, 방향감각 상실, 발작이 나타날 수 있고 생명을 위협할 수 있다. 심한 물설사도 유발할 수 있다.","신선한 물을 제공하고 물놀이를 중단하며, 신경 증상/심한 설사/구토가 있으면 즉시 병원에 문의한다.","갈증 때문에 바닷물을 계속 마시게 두지 않는다.","Summer safety tips","Cornell Richard P. Riney Canine Health Center","https://www.vet.cornell.edu/departments-centers-and-institutes/riney-canine-health-center/canine-health-topics/summer-safety-tips","전문기관"
"92","화학물질/응급","수영장 화학물질","pool shock 직후 고농도 염소는 피부와 호흡기 조직을 자극하고 쓰러짐을 유발할 수 있으며, 농축 염소 정제/결정/액체를 씹으면 입·식도·위에 화상을 일으킬 수 있다.","제품명과 노출 형태를 확인하고 즉시 병원/독성 상담 기관에 연락한다.","농축 화학물질 포장이나 정제를 반려견이 씹게 두지 않는다.","Summer safety tips","Cornell Richard P. Riney Canine Health Center","https://www.vet.cornell.edu/departments-centers-and-institutes/riney-canine-health-center/canine-health-topics/summer-safety-tips","전문기관"
"93","화학물질/응급","잔디/정원 제품","잔디관리 제품 봉지를 뜯어 먹었거나 독성 bait, 곰팡이 핀 비료, 특정 농약에 노출된 경우 위험할 수 있다.","제품명, 라벨, 성분, 섭취량, 경과 시간을 확인해 독성 상담 또는 병원에 연락한다.","라벨 확인 없이 안전하다고 단정하거나 포장을 버리지 않는다.","Summer safety tips","Cornell Richard P. Riney Canine Health Center","https://www.vet.cornell.edu/departments-centers-and-institutes/riney-canine-health-center/canine-health-topics/summer-safety-tips","전문기관"
"94","중독/응급","코코아 멀치","코코아빈 멀치는 초콜릿처럼 개에게 독성이 있어 피해야 한다.","섭취량과 시간을 확인하고 제품 포장 또는 사진을 준비해 병원에 문의한다.","초콜릿 냄새가 나는 코코아 멀치를 반려견 접근 가능한 곳에 두지 않는다.","Summer safety tips","Cornell Richard P. Riney Canine Health Center","https://www.vet.cornell.edu/departments-centers-and-institutes/riney-canine-health-center/canine-health-topics/summer-safety-tips","전문기관"
"95","잇몸색/순환","비정상 잇몸색","정상 잇몸은 연어색이며, 흰색·창백한 분홍색·노란색·푸른색/보라색·밝은 빨강·탁한 갈색은 건강 문제 신호일 수 있다. 건조/끈적한 잇몸은 탈수, 재충혈 지연은 순환 문제 신호일 수 있다.","잇몸색 사진과 증상 동반 여부를 기록해 수의사에게 연락한다. 푸른색/보라색·흰색·노란색·밝은 빨강 등 비정상 색이면 즉시 문의한다.","억지로 잇몸을 확인하지 않는다.","Are My Dog’s Gums Pale?","PDSA","https://www.pdsa.org.uk/pet-help-and-advice/pet-health-hub/other-veterinary-advice/are-my-dog-s-gums-pale","전문기관"
"96","호흡기","재채기","가끔 하는 재채기는 정상일 수 있으나, 지속적인 재채기, distress, 콧물/코피/코 통증/얼굴 부종이 동반되면 수의사 상담이 필요하다. 호흡곤란이 있으면 즉시 연락한다.","재채기 빈도와 동반 증상을 기록하고, 호흡곤란이 있으면 즉시 병원에 연락한다.","호흡곤란을 단순 재채기로 처리하지 않는다.","Sneezing in dogs","PDSA","https://www.pdsa.org.uk/pet-help-and-advice/pet-health-hub/symptoms/sneezing-in-dogs","전문기관"
"97","신경/눈","안구 떨림","머리가 가만히 있는데 비자발적 안구 떨림이 새로 발생하면 다른 증상이 없어도 곧바로 수의사에게 연락해야 한다.","눈 움직임 영상, 시작 시점, 머리 기울임/비틀거림/구토 동반 여부를 기록하고 병원에 연락한다.","새로 발생한 안구 떨림을 방치하지 않는다.","Nystagmus in dogs","PDSA","https://www.pdsa.org.uk/pet-help-and-advice/pet-health-hub/symptoms/nystagmus-flickering-eye-movements-in-a-dog","전문기관"
"98","눈/시력","눈 혼탁/시력저하","눈 변화나 시력 저하가 보이면 수의사에게 연락해야 하며, 눈이 흐리거나 우유빛·파란색·회색으로 보이는 경우는 백내장 외 다른 원인도 가능하다.","눈 변화 사진, 시력 저하 행동, 통증/눈 부상 여부를 기록해 수의사에게 문의한다.","백내장이라고 단정하지 않는다.","Cataracts in dogs","PDSA","https://www.pdsa.org.uk/pet-help-and-advice/pet-health-hub/conditions/cataracts-in-dogs","전문기관"
"99","피부/혹","새로운 피부 혹","새로 발견한 혹은 겉보기에 괜찮아 보여도 수의사 확인이 필요하다. 기존 혹이 커짐, 덜 움직임, 모양/질감 변화, 피/진물, 이동 영향이 있으면 상담해야 한다.","혹의 사진, 크기, 위치, 촉감, 변화 속도, 통증/출혈/진물 여부를 기록해 병원에 문의한다.","혹이나 낭종을 짜거나 찌르지 않는다.","Skin lumps and tumours in dogs","PDSA","https://www.pdsa.org.uk/pet-help-and-advice/pet-health-hub/symptoms/skin-lumps-and-tumours-in-dogs","전문기관"
"100","중독/식품","양파/마늘/리크","양파·마늘·리크 등 allium류는 개에게 독성이 있고 조리/건조된 형태도 위험할 수 있다. 구토·설사·복통·식욕저하·탈수 및 1~5일 뒤 호흡곤란·무기력 같은 빈혈 증상이 나타날 수 있다.","섭취한 재료, 조리 형태, 양, 시간, 현재 증상과 잇몸색/호흡상태를 확인해 병원에 연락한다.","집에서 임의 구토를 유도하지 않는다. 조리된 양파/마늘도 안전하다고 안내하지 않는다.","Onion and garlic poisoning in dogs","PDSA","https://www.pdsa.org.uk/pet-help-and-advice/pet-health-hub/conditions/onion-and-garlic-poisoning-in-dogs","전문기관"
"101","공통 응급처치","응급 이송","응급 시 침착하게 안전을 확인하고, 열사병을 제외하면 반려견을 따뜻하고 조용하게 유지하며, 병원에 연락해 조언을 받고 가능한 빨리 이송해야 한다.","상황을 설명하고 병원에 먼저 연락한 뒤 움직임을 최소화해 이동한다.","척추/골절 가능성이 있는데 무리하게 이동하지 않는다.","Emergencies in Dogs","VCA Animal Hospitals","https://vcahospitals.com/know-your-pet/common-emergencies-in-dogs","전문기관"
"102","알레르기/응급","아나필락시스","아나필락시스는 얼굴/주둥이 부종, 두드러기, 구토/설사, 불안으로 시작해 갑작스러운 collapse와 심한 호흡곤란으로 빠르게 진행할 수 있다.","알레르기 노출 가능성, 부종 위치, 호흡 상태, 구토/설사 여부를 확인하고 즉시 병원에 연락한다.","호흡곤란/붕괴가 있는데 단순 알레르기로 경과 관찰하지 않는다.","Emergencies in Dogs","VCA Animal Hospitals","https://vcahospitals.com/know-your-pet/common-emergencies-in-dogs","전문기관"
"103","외상/출혈","교통사고/심한 출혈","자동차 사고, 피가 분출하거나 빠르게 고이거나 몇 분 내 bandage를 적실 정도의 출혈, 머리/눈/귀/코/목 또는 흉부/복부/서혜부 관통상은 즉시 개입이 필요하다.","깨끗한 압박재로 직접 압박하고 병원에 연락하며 즉시 이동한다.","의식 있는 개 입 안에 손을 넣거나 심한 출혈을 반복 확인하지 않는다.","Emergencies in Dogs","VCA Animal Hospitals","https://vcahospitals.com/know-your-pet/common-emergencies-in-dogs","전문기관"
"104","열사병/호흡","열사병/푸른 잇몸","열사병은 과도한 헐떡임, 무기력, 고통, 의식소실을 유발할 수 있고, 심장/호흡 문제의 red flag로 혀나 잇몸의 푸른 변색, 호흡곤란 등이 있다.","열사병 의심 시 시원하게 하고 즉시 병원에 연락/이동한다. 푸른 잇몸/혀와 호흡곤란은 즉시 응급으로 안내한다.","얼음물로 급격히 식히거나 호흡곤란을 단순 피로로 보지 않는다.","Emergencies in Dogs","VCA Animal Hospitals","https://vcahospitals.com/know-your-pet/common-emergencies-in-dogs","전문기관"
"105","식물/중독","독성 가정용 식물","백합, 필로덴드론, 협죽도, 알로에, 국화, 히아신스/튤립, 옥수, 사고야자, 수선화, 아스파라거스 펀 등은 반려동물에게 독성 위험이 있으며 섭취 의심 시 수의사 또는 Animal Poison Control에 연락해야 한다.","식물 이름/사진, 섭취량, 시간, 증상을 확인해 병원 또는 독성 상담 기관에 연락한다.","식물 이름을 확인하지 않고 안전하다고 판단하지 않는다.","Top 10 Toxic Household Plants For Pets","VCA Animal Hospitals","https://vcahospitals.com/resources/lifestyle-cat/hazards-safety/top-10-toxic-household-plants-for-pets","전문기관"
"106","일반 이상 증상","지속 이상 증상","식욕저하, 활동성 감소, 구토/설사, 배뇨 변화, 기침/재채기, 눈·귀·코 분비물, 피부 이상, 절뚝임 등이 하루나 이틀 이상 지속되면 진료 예약이 권장된다.","지속 기간과 동반 증상을 기록해 병원에 문의한다.","2일 이상 지속되는 이상 신호를 단순 피로로 방치하지 않는다.","Routine Health Care of Dogs","Merck Veterinary Manual","https://www.merckvetmanual.com/dog-owners/routine-care-of-dogs/routine-health-care-of-dogs","수의학매뉴얼"
"107","빈혈/쇼크","창백한 잇몸+허약","갑작스러운 빈혈은 쇼크와 사망을 유발할 수 있고, 빠른 혈액 손실 뒤 심박 증가, 창백한 잇몸, 저혈압이 나타날 수 있다. 만성 빈혈은 무기력, 약함, 식욕저하와 창백한 잇몸이 나타날 수 있다.","잇몸색, 출혈, 심박/호흡 상태, 식욕/활동성 변화를 기록하고 즉시 병원에 연락한다.","창백한 잇몸을 단순 피로로 처리하지 않는다.","Anemia in Dogs","Merck Veterinary Manual","https://www.merckvetmanual.com/dog-owners/blood-disorders-of-dogs/anemia-in-dogs","수의학매뉴얼"
"108","응급/중독","응급/중독 목차","응급, 중독, 식품 위해, 가정 내 위험 물질, 약물, 쥐약, 뱀 물림 등은 반려견 응급 상황에서 확인해야 할 주요 주제다.","증상과 노출 물질, 발생 시간을 정리해 병원에 전달한다.","목차만 보고 진단이나 처치를 단정하지 않는다.","Special Pet Topics","MSD/Merck Veterinary Manual","https://www.msdvetmanual.com/special-pet-topics","수의학매뉴얼"
"109","응급처치","즉시 진료 응급 예시","응급 처치는 수의사와의 전화 통화에서 시작될 수 있으며, 즉시 진료 예시로 중독, 심한 통증, 심한/조절 안 되는 출혈, 호흡곤란, 눈 부상, 골절 의심이 제시된다.","수의사/응급병원에 먼저 연락해 상황을 설명하고 지시에 따라 응급처치와 이송을 준비한다.","중독/호흡곤란/심한 출혈/눈 부상/골절 의심을 집에서만 해결하려 하지 않는다.","What to Do in a Dog or Cat Emergency","Merck Veterinary Manual","https://www.merckvetmanual.com/special-pet-topics/emergencies/what-to-do-in-a-dog-or-cat-emergency","수의학매뉴얼"
"110","열사병/질식","열사병/질식","열사병 증상은 뜨거운 피부, 구토, 침흘림, 빠른 헐떡임, 고통, 비틀거림, 붕괴, 의식소실이고 즉시 식히며 병원으로 가야 한다. 질식은 기침, 침흘림, 구역질, 입을 긁음, 입을 벌리고 초조함으로 나타날 수 있다.","열원에서 벗어나 식히고, 질식 의심 시 즉시 병원에 연락한다.","차가운 물에 담그거나 질식 시 입 안에 손을 넣지 않는다.","What to Do in a Dog or Cat Emergency","Merck Veterinary Manual","https://www.merckvetmanual.com/special-pet-topics/emergencies/what-to-do-in-a-dog-or-cat-emergency","수의학매뉴얼"
"111","부상/주의","경미 부상","가벼운 타박상이나 삐끗함도 통증, 부기, 절뚝임이 있으면 활동을 제한하고 상태를 살펴야 합니다. 통증이 심하거나 며칠 이상 지속되면 수의사 상담이 필요합니다.","활동을 제한하고 통증, 부기, 절뚝임이 얼마나 지속되는지 기록해 병원에 문의하세요.","통증 부위를 무리하게 만지거나 운동을 계속시키지 마세요.","Minor Injuries and Accidents","Merck Veterinary Manual","https://www.merckvetmanual.com/special-pet-topics/emergencies/minor-injuries-and-accidents#Bumps,-Bruises,-Twists,-and-Sprains_v104767949","수의학매뉴얼"
"112","이물질/알레르기","삼킨 물체/곤충 쏘임","날카로운 물체나 긴 끈/낚싯줄 등은 장 손상을 유발할 수 있으며, 입 밖에 보여도 당기지 말고 진료가 필요하다. 반복 구토, 복부 압통, 배변 중단 시 즉시 연락해야 한다. 곤충 쏘임 후 머리/목의 큰 부종이나 혀/입천장 쏘임은 응급 진료가 필요하다.","삼킨 물체 종류와 시간, 구토/복통/배변 여부, 부종 위치와 호흡 상태를 기록해 즉시 병원에 연락한다.","입 밖으로 나온 끈을 잡아당기지 않는다.","Minor Injuries and Accidents","Merck Veterinary Manual","https://www.merckvetmanual.com/special-pet-topics/emergencies/minor-injuries-and-accidents#Swallowed-Objects_v104767976","수의학매뉴얼"
"113","저체온/응급","저체온","저체온증은 추위 노출 시 느린 맥박, 얕은 호흡, 혼란, 쓰러짐, 의식소실로 나타날 수 있으며 즉각적인 체온 회복이 필요하다.","동물이 젖어 있으면 먼저 건조시키고, 따뜻한(뜨겁지 않은) 물병이나 수건으로 체온을 서서히 회복시키며 즉시 병원에 연락한다.","얼음이나 뜨거운 물을 사용하지 않는다.","What to Do in a Dog or Cat Emergency","Merck Veterinary Manual","https://www.merckvetmanual.com/special-pet-topics/emergencies/what-to-do-in-a-dog-or-cat-emergency","수의학매뉴얼"
"114","심정지/CPR","CPR","반려동물 CPR은 분당 100~120회 흉부압박을 기준으로 하며, 동물이 스스로 숨을 쉬거나 수의사가 인계할 때까지 지속한다.","분당 100~120회 속도로 흉부압박을 지속하고 즉시 병원으로 이동한다. 이동 중 다른 사람이 운전해야 한다.","CPR 중 운전하거나 단독으로 이동하면서 지속하기 어려운 상황을 피한다.","What to Do in a Dog or Cat Emergency","Merck Veterinary Manual","https://www.merckvetmanual.com/special-pet-topics/emergencies/what-to-do-in-a-dog-or-cat-emergency","수의학매뉴얼"
"115","외상/목졸림","목졸림","목줄/끈에 의한 스트랭글레이션 부상은 즉시 수의사에게 데려가야 하며, 목줄을 제거하고 임시 하네스나 리드줄로 통제해야 한다.","목줄을 제거하고, 임시 하네스나 리드줄로 통제하면서 즉시 병원으로 이동한다.","목줄을 그대로 두거나 이동을 지연하지 않는다.","What to Do in a Dog or Cat Emergency","Merck Veterinary Manual","https://www.merckvetmanual.com/special-pet-topics/emergencies/what-to-do-in-a-dog-or-cat-emergency","수의학매뉴얼"
"116","외상/상처","상처 응급 기준","상처는 크기·깊이·원인에 따라 처치가 달라지며, 심한 출혈, 깊은 상처, 화상, 물림, 유리 등 이물질 박힘, 눈 부상, 더럽거나 감염된 상처는 응급 처치와 긴급 진료가 필요합니다.","상처 부위와 출혈 양상, 오염 여부를 확인하고 보호자 안전을 확보한 뒤 즉시 병원에 연락하세요.","상처 표면만 보고 안전하다고 단정하거나 박힌 물체를 무리하게 제거하지 마세요.","Wounds and skin injuries","PDSA","https://www.pdsa.org.uk/pet-help-and-advice/pet-health-hub/symptoms/wounds-and-skin-injuries","전문기관"
"117","외상/상처","작은 상처/찰과상","작고 피가 거의 나지 않는 상처나 찰과상은 깨끗하고 건조하게 유지하며 감염 징후를 관찰할 수 있지만, 큰 상처나 깊은 상처는 즉시 수의사 확인이 필요합니다.","작은 상처는 깨끗한 물 또는 식염수로 부드럽게 씻고 핥지 못하게 하며, 붉어짐·부기·열감·고름·통증·악취가 보이면 병원에 문의하세요.","상처를 핥게 두거나 감염 징후가 있는데 방치하지 마세요.","First aid for wounds, cuts and grazes","PDSA","https://www.pdsa.org.uk/pet-help-and-advice/pet-health-hub/medications/first-aid-for-cuts-and-grazes","전문기관"
"118","출혈/외상","심한 외부 출혈","많은 혈액 손실은 쇼크, 붕괴, 사망으로 이어질 수 있으며, 심한 출혈은 출혈 부위를 찾아 압박하고 즉시 수의사에게 연락해야 합니다.","깨끗한 천으로 직접 압박하고, 압박 중인 천을 떼지 말고 필요한 경우 덧대면서 병원으로 이동하세요.","출혈이 멈췄는지 확인하려고 압박대를 자주 떼거나, 끈·줄로 팔다리를 강하게 묶지 마세요.","First aid for bleeding wounds","PDSA","https://www.pdsa.org.uk/pet-help-and-advice/pet-health-hub/medications/first-aid-for-bleeding","전문기관"
"119","출혈/내출혈","내부 출혈 의심","외상 뒤 창백한 잇몸, 쓰러짐, 빠른 호흡, 복부 팽만, 쇠약, 차가운 발, 호흡곤란, 피가 섞인 구토나 변 등은 내출혈 또는 쇼크와 관련될 수 있습니다.","내부 출혈은 생명을 위협할 수 있으므로, 외상 이력과 증상을 정리해 즉시 병원으로 이동하세요.","겉으로 보이는 상처가 없다고 안전하다고 판단하지 마세요.","First Aid for Bleeding in Dogs","VCA Animal Hospitals","https://vcahospitals.com/know-your-pet/first-aid-for-bleeding-in-dogs","전문기관"
"120","외상/물림","물림 상처","물림 상처는 겉보기보다 심각하고, 입안 세균 때문에 감염되기 쉬우며 피부 아래 숨은 손상이 있을 수 있으므로 크기에 관계없이 수의사 확인이 필요합니다.","물린 부위를 확인하고, 심한 출혈·피부 결손·통증·고름·부기가 있으면 몸을 따뜻하게 유지하며 즉시 병원으로 이동하세요. 작은 상처도 병원에 문의하세요.","작은 구멍 상처라고 가볍게 보거나 감염 가능성을 무시하지 마세요.","First aid for bite wounds","PDSA","https://www.pdsa.org.uk/pet-help-and-advice/pet-health-hub/medications/first-aid-for-bite-wounds","전문기관"
"121","외상/뱀물림","뱀 물림","뱀 물림은 응급이며, 독이 퍼지면 간·신장·심장·신경계 손상, 얼굴·목 부종, 호흡 문제, 신체 떨림, 붕괴 같은 문제를 유발할 수 있습니다.","뱀 물림이 의심되면 최대한 움직임을 줄이고 즉시 가까운 동물병원으로 이동하세요. 가능하면 안전한 거리에서 뱀 사진이나 특징을 기록하세요.","상처를 절개하거나 독을 빨아내거나 병원 이동을 지연하지 마세요.","Snake bites in dogs","PDSA","https://www.pdsa.org.uk/pet-help-and-advice/pet-health-hub/conditions/snake-bites-in-dogs","전문기관"
"122","외상/입상처","가벼운 입/입술 상처","입술이나 입안의 작은 베임 또는 긁힘이 있고 피가 거의 없거나 멈췄으며, 호흡·삼킴 문제, 깊은 찢어짐, 이물 박힘이 없다면 상태 확인과 수의사 문의가 적절합니다.","물로 부드럽게 헹구고 핥거나 긁지 못하게 하며, 통증·부기·출혈·식욕저하가 있거나 판단이 어렵다면 병원에 문의하세요.","피가 계속 나거나 큰 베임인데 가볍게 보고 지켜보지 마세요.","Minor Injuries and Accidents","Merck Veterinary Manual","https://www.merckvetmanual.com/special-pet-topics/emergencies/minor-injuries-and-accidents","수의학매뉴얼"
"123","외상/입상처","입/입술 큰 베임 또는 출혈 지속","입·입술·혀 상처에서 피가 계속 나거나 피가 많이 나고, 깊게 찢어졌거나 큰 베임, 관통·찔림, 이물 박힘, 호흡·삼킴 문제 또는 통증이 심하면 응급 진료가 필요합니다.","깨끗한 천으로 부드럽게 압박하고 가능하면 머리와 목 움직임을 줄이며 즉시 병원으로 이동하세요.","입안 깊은 상처나 박힌 물체를 손으로 빼려 하거나 출혈이 계속되는데 기다리지 마세요.","What to Do in a Dog or Cat Emergency","Merck Veterinary Manual","https://www.merckvetmanual.com/special-pet-topics/emergencies/what-to-do-in-a-dog-or-cat-emergency","수의학매뉴얼"
"124","외상/쇼크","쇼크/응급 초기평가","쇼크는 신체 조직에 충분한 혈액·산소·영양이 전달되지 않는 상태로, 두부 손상, 대량 출혈, 심한 감염 등이 원인이 될 수 있습니다. 빠른 심박, 창백한 잇몸, 약한 맥박, 낮은 혈압 등이 위험 신호입니다.","외상 후 창백한 잇몸, 약한 맥박, 빠른 심박, 쓰러짐, 의식저하가 있으면 즉시 병원으로 이동하세요.","쇼크 의심 상황을 단순 피로나 놀람으로 보지 마세요.","Evaluation and Initial Treatment of Dog and Cat Emergencies","Merck Veterinary Manual","https://www.merckvetmanual.com/special-pet-topics/emergencies/evaluation-and-initial-treatment-of-dog-and-cat-emergencies","수의학매뉴얼"
"125","외상/교통사고","둔상/교통사고/낙상","차에 치이는 둔상, 낙상, 싸움 등 외상은 내부 출혈, 장기 파열, 골절, 두부 손상, 척추와 흉부 손상을 일으킬 수 있으며 일부 손상은 최대 48시간 뒤 드러날 수 있습니다.","교통사고·낙상·큰 개에게 물림 등 큰 외상은 겉으로 멀쩡해 보여도 움직임을 최소화하고 병원으로 이동하세요.","겉상처가 없거나 잠시 괜찮아 보인다고 병원 확인을 생략하지 마세요.","Evaluation and Initial Treatment of Dog and Cat Emergencies","Merck Veterinary Manual","https://www.merckvetmanual.com/special-pet-topics/emergencies/evaluation-and-initial-treatment-of-dog-and-cat-emergencies","수의학매뉴얼"
"126","외상/상처관리","상처 초기 관리","상처 관리는 동물이 안정화된 뒤 출혈을 멈추기 위한 압박과 기본 붕대 적용으로 시작하며, 세척은 먼지와 세균을 제거해 감염 위험을 낮춥니다.","출혈이 있으면 먼저 압박하고, 상처가 오염되었으면 물이나 식염수로 부드럽게 씻은 뒤 수의사에게 확인받으세요.","깊은 조직 손상·감염·오염 상처를 보호자가 임의로 봉합하거나 중점 처치하지 마세요.","Wound Management","Merck Veterinary Manual","https://www.merckvetmanual.com/special-pet-topics/emergencies/wound-management","수의학매뉴얼"
"127","외상/물림","깊은 물림/구멍 손상","개·고양이 물림은 작은 구멍처럼 보여도 감염되기 쉽고, 표면 상처가 작아도 갈비뼈 골절이나 장기 손상 등 숨은 손상이 있을 수 있어 수의사 확인이 필요합니다.","물림 상처는 크기와 관계없이 병원에서 세척·평가를 받도록 하고, 심한 통증·출혈·피부 결손이 있으면 즉시 이동하세요.","겉으로 작은 상처라며 방치하지 마세요.","Wound Management","Merck Veterinary Manual","https://www.merckvetmanual.com/special-pet-topics/emergencies/wound-management","수의학매뉴얼"
"128","외상/피부박리","피부박리/깊은 상처","피부박리(degloving)는 피부가 벗겨져 깊은 조직이 노출되는 심한 손상으로, 차량에 치이거나 눌린 경우 발생할 수 있고 감염 위험이 큽니다.","피부가 벗겨졌거나 깊은 조직이 보이면 깨끗한 드레싱으로 보호하고 즉시 병원으로 이동하세요.","벗겨진 피부나 깊은 조직을 임의로 자르거나 세게 문지르지 마세요.","Wound Management","Merck Veterinary Manual","https://www.merckvetmanual.com/special-pet-topics/emergencies/wound-management","수의학매뉴얼"
"129","외상/관통상","관통 이물질","두개골·가슴·복부를 관통한 물체는 제거하지 말고 더 움직이지 않게 고정해야 하며, 몸에 박힌 추가 조직 손상을 유발할 수 있습니다.","가슴·배·머리에 막대·유리·화살 등 이물질이 박힌 경우 제거하지 말고 흔들리지 않게 지지한 뒤 즉시 병원으로 이동하세요.","관통 이물질을 잡아 빼지 마세요.","What to Do in a Dog or Cat Emergency","Merck Veterinary Manual","https://www.merckvetmanual.com/special-pet-topics/emergencies/what-to-do-in-a-dog-or-cat-emergency","수의학매뉴얼"
"130","부상/주의","발톱·멍·곤충쏘임","부러진 발톱 출혈, 타박상·염좌, 곤충 쏘임은 생명 위협은 아닐 수 있지만 통증·부기·절뚝임이 있으면 활동 제한과 수의사 상담이 필요합니다. 머리·목의 큰 부종이나 혀·입천장 쏘임은 응급입니다.","가벼운 멍이나 발톱 출혈은 활동을 제한하고 경과를 기록하세요. 머리·목 부종, 혀·입천장 쏘임, 호흡곤란이 있으면 즉시 병원에 연락하세요.","큰 부종이나 호흡 이상을 단순 알레르기로 보지 마세요.","Minor Injuries and Accidents","Merck Veterinary Manual","https://www.merckvetmanual.com/special-pet-topics/emergencies/minor-injuries-and-accidents","수의학매뉴얼"
"131","외상/상처관리","상처 세척 금지사항","상처는 식염수나 물로만 세척하고, 비누·알코올·과산화수소·허브 제품·티트리 오일 등은 수의사 지시 없이 사용하지 않아야 하며 치유를 지연시킬 수 있습니다.","상처는 물 또는 식염수로 부드럽게 씻고 핥지 못하게 하며, 출혈이 있으면 최소 3분간 압박하세요.","비누, 알코올, 과산화수소, 허브 제품, 티트리 오일 등을 임의로 사용하지 마세요.","Wound care dos and donts","VCA Animal Hospitals","https://vcahospitals.com/resources/conditions-dog/emergency/wound-care-dos-and-don-ts","전문기관"
"132","출혈/외상","부위별 출혈 응급처치","출혈은 짧은 시간에 많은 혈액을 잃게 해 쇼크를 유발할 수 있으며, 직접 압박이 필요하고 정맥·동맥성 출혈, 얼굴·입·코·항문·하복부 등으로 나타날 수 있습니다.","깨끗한 천으로 압박하고, 흉부·복부 상처나 멈추지 않는 출혈은 즉시 응급병원으로 이동하세요.","깊이 박힌 이물질을 빼내거나, 흉부와 복부를 관통한 물체를 제거하거나, 피가 난 부위를 떼지 마세요.","First Aid for Bleeding in Dogs","VCA Animal Hospitals","https://vcahospitals.com/know-your-pet/first-aid-for-bleeding-in-dogs","전문기관"
